SampleID,1,2,3,4,5,7,8,9,12,14,17,23,21,19,18,15,20,30,26,6,29,16,31
p__Firmicutes_SGB4687,0,4.368e-4,3.33e-4,2.2e-6,0,3.842e-4,0,0,0,0,4.5199999999999994e-5,4.85e-5,0,8.85e-5,0,0,6.84e-5,0,1.14e-4,0,0,2.24e-5,0
p__Firmicutes_SGB3965,0,0,0,0,0,0,0,7.986e-4,0,6.95e-5,0,0,0,0,0,0,0,0,0,0,0,9.169999999999999e-5,0
p__Firmicutes_SGB3964,2.657e-4,0,0,4.735e-4,0,4.899e-4,0,0,1.7899999999999998e-5,0,0,1.034e-4,0,2.449e-4,4.591e-4,2.183e-4,0,5.719e-4,3.5630000000000004e-4,0,0,0,3.594e-4
p__Firmicutes_SGB4303,0,0,0,0,0,0,0.0233223,0,0,0,0.013046899999999998,0,0,0,0.0092493,0.004876,0,0,0.0041512,0,0,0,0
p__Firmicutes_SGB14966,0,0,0,1.529e-4,7.107e-4,3.8e-5,6.92e-4,0,3.92e-5,0,4.384e-4,0,0,4.4540000000000004e-4,8.76e-5,5.434e-4,0,5.688e-4,1.34e-4,2.9199999999999998e-5,0,1.9789999999999999e-4,2.3290000000000002e-4
p__Firmicutes_SGB14972,0,0,0,1.69e-5,0,0,0,0,0,0,0,0,0,0,1.315e-4,0,0,0,0,0,0,0,2.013e-4
p__Firmicutes_SGB14969,0,0,0,8.037999999999999e-4,0,3.834e-4,0,2.036e-4,2.801e-4,0,8.588999999999999e-4,0,0,0,0,1.671e-4,0,0,0,0,0,0,0
p__Firmicutes_SGB14924,0,0,0,0,0,7.400000000000001e-5,0,0,0,0,1.0609999999999999e-4,0,0,0,0,2.27e-5,0,0,0.0011944,0,0,0,0
p__Firmicutes_SGB14125,0,0,0,2.7810000000000004e-4,0,3.023e-4,2.614e-4,0,0,0,4.4000000000000006e-5,0,0,0,8.510000000000001e-5,2.9999999999999997e-6,0,0,0,0,0,0,0
p__Firmicutes_SGB14179,0,0,0,4.9e-6,4.496e-4,4.4429999999999996e-4,1.17e-5,0,0,0,0,0,0,0,0,2.828e-4,0,1.957e-4,8.45e-5,0,0,0,0
p__Firmicutes_SGB14923,0,0,0,3.8080000000000004e-4,0,0,0,0,0,0,0,0,0,0,0,0,8.617e-4,0.0028236,0,0,0,0,0
p__Firmicutes_SGB79823,0,4.959000000000001e-4,0,0,0,0,0,0,0,2.971e-4,0,0,0,0,0,0,0,0,0,5.388e-4,0,0,2.0830000000000002e-4
p__Firmicutes_SGB14999,0,0,0,2.078e-4,0,0,4.147e-4,0,1.8079999999999998e-4,0,0,6.789000000000001e-4,0,0,3.4619999999999996e-4,2.806e-4,2.455e-4,0.0011168999999999999,9.66e-5,0,5.0299999999999996e-5,0,0
p__Firmicutes_SGB79798,0,5.749e-4,0,3.4399999999999996e-5,2.017e-4,2.45e-5,6.411e-4,1.47e-5,0,2.2270000000000002e-4,3.86e-5,6.686999999999999e-4,0,7.75e-5,6.0299999999999995e-5,1.093e-4,7.13e-5,1.05e-4,4.2209999999999996e-4,0,3.56e-5,0,0
p__Firmicutes_SGB77276,1.325e-4,1.2179999999999999e-4,1.9480000000000002e-4,0,0,0,0,0,0,2.65e-5,0,0,0,0,0,0,1.01e-5,0,0,0,0,0,0
p__Firmicutes_SGB63163,0,0,0,6.678000000000001e-4,0,0,0,0,0,0,1.71e-4,0,0,0,0,0,0,0,6.5e-6,0,0,0,0
p__Firmicutes_SGB71759,0,0,0,4.2500000000000003e-4,0,0,0,8.181e-4,8.893e-4,0,3.7420000000000004e-4,0,0,6.649999999999999e-5,0,2.657e-4,0,2.0920000000000002e-4,0,1.0200000000000001e-4,0,3.806e-4,2.813e-4
p__Firmicutes_SGB47515,0,3.4040000000000003e-4,0,0,0,0,3.516e-4,0,0,0,0,0,0,2.008e-4,0,0,0,0,7e-6,4.77e-5,8.73e-5,0,0
p__Firmicutes_SGB47850,0,0,0,0,0.0021651,0,0,7.904e-4,0,0,0,0,0,3.622e-4,0,1.11e-4,0,4.83e-5,0,0,0,0,0
p__Firmicutes_SGB71883,1.841e-4,0,4.4679999999999996e-4,0,0,0,0,0,0,0,0,1.2e-6,9.2e-4,0,0,0,1.92e-5,0,0,0,0,0,3.87e-5
p__Actinobacteria_SGB72479,0,0,0,1.659e-4,0,2.6460000000000003e-4,0,4.4229999999999996e-4,0,0,1.597e-4,0,0,0,0,1.254e-4,0,0,2.586e-4,0,0,0,0
s__Blautia_obeum_SGB4809,0,0,0,0.0012686,0,5.052e-4,0,1.832e-4,0.0152411,0,2.317e-4,0,0,0,0,1.517e-4,0,0.0014993,0,4.1599999999999995e-5,0,2.94e-5,0
f__Clostridiaceae_SGB4658,0,0,0,0,0,1e-5,0,0,0.011667499999999999,0,0,0,0,6.01e-5,0,0,0,0,0,0,0,0,0
f__Clostridiaceae_SGB4643,0,0,0,2.539e-4,0,0,8.322000000000001e-4,0,0,0,0,1.477e-4,0,0,0,0,0,1.999e-4,0,0,0,0,0.0015642
s__Blautia_faecis_SGB4820,0.0021504000000000002,0.004324,0.0061545,0.0037189,0.0035756,0.0019017,0.0035110000000000002,0.012205299999999999,0.0015503000000000001,0.010714600000000001,0.004907,2.9319999999999997e-4,0,0.0036501,0.0100316,0.0061495,0.0071960999999999995,0.0050061,0.015242,6.421e-4,0.0015901,0.002295,0.0057085
f__Lachnospiraceae_SGB4777,0,0,0,3.566e-4,0,1.387e-4,0,6.324000000000001e-4,0,0,6.087999999999999e-4,0,0,0,0,0.001138,0,0,0,0,0,0,0
f__Lachnospiraceae_SGB4886,0,0,0,0,0,0,0,0,0,0,0,0,0,0,0,0.0067066999999999995,0,0,0.0020946000000000003,0,0,0.0105497,0
f__Lachnospiraceae_SGB4990,0,0,0,0,0,1.0399999999999999e-5,2.675e-4,0,0,0,1.514e-4,0,0,0,0,0,0,0,0,0,0,0,0
f__Lachnospiraceae_SGB4930,0,0,0,0,0.0026176,0,0,0,0.0026195000000000003,0,0,0,0,0,0,0,0,0,0,0,0,3.021e-4,0
s__Dorea_phocaeensis_SGB4572,0,0,0,0,0,0,0,0,0,0,1.181e-4,3.161e-4,0,0,0,0,0,6.540999999999999e-4,0,1.6199999999999998e-4,0.009505,0,0
f__Lachnospiraceae_SGB4727,5.916e-4,0,0,1.15e-5,0,2.5489999999999996e-4,0,0,0,0,2.7e-6,2.5e-5,0,9.939999999999999e-5,0,0,0,0,8.08e-5,2.9999999999999997e-6,0,0,0
g__Dorea_SGB4571,0,0,0,4.32e-5,0.0023178,0,0,0.0011398,8.3e-6,0,9.082e-4,0,0,0,0,0.0018609,0,0,0,0,0,2.565e-4,0
f__Lachnospiraceae_SGB4703,0,0,0,0,0,0,0,0,0,0,3.7600000000000003e-4,0,0,0,5.591999999999999e-4,0,0,0,0,0,0,0,1.285e-4
f__Lachnospiraceae_SGB4776,0,0,0,9.180000000000001e-5,0,1.2299999999999999e-5,0,0,0,0,3.107e-4,0,0,0,0,0,0,0,0,0,0,0,0
g__Blautia_SGB4805,0.0014826,0,0,0.0012214,0,5.817e-4,1.318e-4,8.738999999999999e-4,3.96e-5,0,5.281e-4,0,0,6.950000000000001e-4,0,3.143e-4,0,6.07e-5,5.394999999999999e-4,0,0,2.226e-4,0
f__Lachnospiraceae_SGB4778,0,0,0,2.213e-4,0,0,0,2.8680000000000003e-4,1.684e-4,0,9.96e-5,0,0,0,1.822e-4,1.94e-4,0,3.856e-4,1.0070000000000001e-4,0,0,1.382e-4,0
s__Dorea_longicatena_SGB4581,0,0,0,0.0033664,0.0217862,7.065000000000001e-4,5.1e-6,0.008066,0,0,0.006557500000000001,0,0,0,0.0035489,0.0015409999999999998,0,0.0101622,0,0,0,0.011101000000000001,0.0035238
f__Lachnospiraceae_SGB5089,0,0.0018426,0.005907,4.353e-4,0,3.11e-5,0,7.199999999999999e-4,4.21e-5,0,0,0.0013138,0.003303,0,0,0.0014125,0,0.0022917000000000002,0.0021004,8.608e-4,0,0,1.97e-5
s__Blautia_schinkii_SGB4825,0,0,0,3.1e-4,0.0021097,0,0,0,0,0,9.28e-5,0,0.0237864,0,0.045613400000000005,0,0,0,0,1.81e-4,0,0.0019653,6.836e-4
s__Blautia_hansenii_SGB4798,0.0036233,0.0459232,0,0,0,0,0,0,0,0.0020719000000000002,0,0,0,0,0,0,0,0,0,0,0,0,0
s__Blautia_hominis_SGB29381,0,7.59e-5,0,0,0,0,0,0,0,0,0,0,4.3369999999999997e-4,0,0,0,0,0,0,0,0,0,0
f__Clostridiaceae_SGB14987,0,0.004056000000000001,0,0,0,0,0,0,0,2.961e-4,0,0,0.0013377,0,0,0,2.3009999999999998e-4,0,0,0,0,0,3.4e-6
s__Blautia_producta_SGB4786,1.48e-5,0.0029779,9.429999999999999e-5,0,8.339e-4,0,0,0,0,4.7609999999999997e-4,0,7.47e-5,0.0037232,4.946e-4,0,0,0.0049302,0,1.6680000000000002e-4,5.945e-4,0.0029325,0,0
s__Blautia_producta_SGB4785,1.7940000000000002e-4,0,0,0,5.24e-5,0,3.28e-5,0,0,4.051e-4,0,3e-7,0,0,0,5.8599999999999995e-5,0,0,0,0,0,0,0
f__Ruminococcaceae_SGB15073,0,0,0,5.596e-4,0,2.1170000000000002e-4,0,2.946e-4,7.155e-4,0,9.839e-4,0.0027689999999999998,0,4.81e-4,0,0,0,6.649999999999999e-5,0,0,0,1.534e-4,9.559e-4
f__Ruminococcaceae_SGB15244,0,0,0,0,0,0.0122892,0,0.0034237,1.498e-4,0,0,0,0,0,0,0,0,0,0.0100413,0,0,0,0
f__Ruminococcaceae_SGB15089,0,0,0,0.001076,0,1.936e-4,0,2.161e-4,8.79e-5,0,0,0,0,0,0.0026881,0.0018376999999999998,0,0.0089528,0.0012606,0.011628300000000001,7.746e-4,0.0096666,0
f__Ruminococcaceae_SGB15203,0,0,0,0.0048972,0,2.425e-4,0,0,0,0,0.0035465,0,0,0,0,5.1000000000000006e-5,0,0,0.0032162000000000002,0,0,0,0
f__Ruminococcaceae_SGB15121,0,8.609e-4,0,0,0,0,0,0.0029371999999999996,0,0.003519,0,0,0,0,0.0044634,0,0,0.0047305,0,0,0,0,0.0011551999999999999
f__Ruminococcaceae_SGB15229,0,0,0,5.489000000000001e-4,0,5.2e-5,0,3.096e-4,3.62e-5,0,5.394e-4,0,0,0,0,0.0016604,0,0.0025187,0,0,0,8.037999999999999e-4,0
f__Ruminococcaceae_SGB15225,0,0,0,0.0023844,0,0.0034887,0,1.7199999999999998e-5,7.79e-5,0,2.967e-4,0,0,0,0,0,0,5.718e-4,5.478e-4,0,0,0.0125863,0
f__Ruminococcaceae_SGB15012,0,0,0,1.582e-4,0,0,0,5.3e-6,0,0,0,0,0,0,0,0,0,0,0,0,0,5.922e-4,0
f__Ruminococcaceae_SGB14909,0,0,0,0.002493,0,1.262e-4,0,0,3.52e-5,0.0027797,7.18e-4,0,0,0,0.0046113,0,0,0,0,0,0.0089058,0,2.46e-4
f__Ruminococcaceae_SGB15076,0,0.0139819,0,2.71e-5,0,1.3e-4,0,0,0,0,1.909e-4,0,0,0,0,0,4.26e-5,0,0,0,0,4.899e-4,0
f__Ruminococcaceae_SGB15238,0,0,0,0,0.007078999999999999,9.29e-5,0,1.389e-4,0,0,8.851000000000001e-4,0,0,0,0,0,0,0,0,0,0,0.0598503,0
f__Ruminococcaceae_SGB15106,0,0,0,0,0,0.020975100000000003,0,0.0047681,0.0025713999999999997,0,0,0,0,0,0,0,0,0,0.013018400000000001,0,0,0,0
f__Ruminococcaceae_SGB15081,0,0,0,0,0,0,0,4.27e-4,0,0,0,0,0,0,0.0029495,0,0,0,0,0,0,0.0028549,0
f__Ruminococcaceae_SGB15051,0,0,0,0,0,0,0,9.017e-4,0,0,0,0,0,0,0,0,0,0,0,0,0,5.05e-5,9.71e-5
f__Ruminococcaceae_SGB15031,0,0,0,0.0077662,0,0,8.93e-5,0.0021517,0,0,0.0010188,0,0,0,0,0,0,0,0,0,0,0,0
f__Ruminococcaceae_SGB15123,0,0,0,6.36e-5,0,6.5e-5,1.072e-4,0,4.72e-5,1.53e-5,1.48e-5,0,0,0,2.29e-5,0,0,0,6.26e-5,0,0,1.89e-5,8.09e-5
f__Ruminococcaceae_SGB15085,0,0,0,0,0,0.0019703,0,0.0010306999999999998,0,0,0,0,0,0,0,0,0,0,0,0,0,0.06458269999999999,0
f__Ruminococcaceae_SGB15201,0,0,0,2.0150000000000002e-4,0,0.0025741,0,0,0,0,1.014e-4,0,0,0,0,1.63e-5,0,0,0,0,0,0,0
f__Ruminococcaceae_SGB15224,0,0,0,0.0027215,0,0.0016705000000000001,0,3.553e-4,1.161e-4,0,9.498e-4,0,0,0,0,2.96e-5,0,0,0,0,0,0,1.324e-4
f__Ruminococcaceae_SGB15068,0,0,0,0,0,0,0,0,0,0,3.9500000000000005e-5,1.332e-4,0,6.529999999999999e-4,0,0,0,1.17e-5,0,1.06e-5,0,0,1.2999999999999998e-6
f__Ruminococcaceae_SGB15210,0,0,0,0,0,3.65e-5,2.4e-6,0,0,0,4.9199999999999997e-5,0,0,0,0,0,0,0,0,0,0,0,0
f__Ruminococcaceae_SGB15204,0,0,0,0,0,0.0102593,0,0,0,0.0021034,9.81e-5,0,0,0,0,0,0,0,0,0,0,0,0
f__Ruminococcaceae_SGB15164,0,0,0,2.1700000000000002e-4,8.860999999999999e-4,8.985999999999999e-4,7.748e-4,0,0,0,8.204e-4,3.7269999999999995e-4,0,0,0,1.105e-4,0,3.12e-5,9.58e-4,0,6.42e-5,4.8800000000000004e-4,1.43e-5
s__Blautia_faecicola_SGB4867,0,0,0,0,0.007612799999999999,0,0,9.706e-4,0,0,0,0,0,0,0,0.0065372,0,0,0.0029917,0.0014102000000000001,0,0,0
f__Ruminococcaceae_SGB15216,0,0,0,0.0016775000000000002,0,0.0010006,0.0024659,0.0018992999999999998,7.37e-5,0,4.1160000000000003e-4,0,0,5.162e-4,1.3209999999999999e-4,0.0016719,0,0.0118326,0.0031168000000000003,0,0,0.013471900000000002,2.977e-4
f__Ruminococcaceae_SGB15291,0,0,0,6.464e-4,4.4999999999999996e-5,0.006864599999999999,9.865e-4,0.0012665999999999999,0.003535,0,6.966e-4,0,0,0,0.0083686,0.0040915000000000005,0,0.0010352,0.0047504,0,0,0.0060179000000000005,0
f__Ruminococcaceae_SGB15091,0,0,0,0.005765900000000001,0,0,0.008505,0.0058192999999999995,3.2439999999999997e-4,0.0050976,0.0085465,0,0,0,0,9.838e-4,0,0,0,0,0,0,0
f__Ruminococcaceae_SGB15213,0,0,0,0,0,2.812e-4,0,1.0120000000000001e-4,0,0,0,0,0,0,0,0,0,0,0,0,0,0,0
f__Ruminococcaceae_SGB15180,0,0,0,0,0,0,0,8e-5,0,0,0.007458200000000001,0,0,0,0,5.303e-4,0,0,0,0,0,0,0
f__Ruminococcaceae_SGB15049,0,0,0,1.733e-4,0,3.01e-5,0,1.712e-4,0.0017857,0,2.89e-5,2.527e-4,0,0,0,0,0,1.749e-4,0,0,0,8.713999999999999e-4,0
f__Ruminococcaceae_SGB15067,0,0,0,8.57e-5,0,1.695e-4,0,0,1.578e-4,0,7.02e-5,1.181e-4,0,5.243e-4,2.33e-5,8.647e-4,0,5.1200000000000004e-5,0.0013386000000000001,0,0,6.21e-5,0
s__Blautia_caecimuris_SGB4862,0.0046071,0.0354706,1.328e-4,1.6000000000000001e-6,0,0,7.9e-6,0,4.07e-5,0.0068523,1.226e-4,0.0102417,0.0618272,8.787e-4,1.167e-4,0,0.0320317,5e-6,1.6230000000000001e-4,0,0.08488849999999999,0,1.5399999999999998e-5
f__Enterococcaceae_SGB54347,0,0,0,3e-7,0,4.064e-4,1.101e-4,0,0,0,2.37e-5,0,0,0,0,0,0,7.83e-5,0,0,0,0,0
s__Roseburia_faecis_SGB4925,3.175e-4,0,0.0849741,0.0036669000000000003,0,6.486e-4,0.0045341,0.0344177,0.048776,0,0.006172800000000001,0.0040322000000000005,0.0036263000000000003,0.0027968999999999997,0.0082285,0,0,0.0025038,0.0218506,4.973e-4,0,0.0124563,0
s__Blautia_glucerasea_SGB4816,0,0,4.6449999999999996e-4,5.826e-4,0.006520700000000001,3.5729999999999996e-4,0,0.0010455,5.89e-4,0,0,0,0,0,0,0,0,0,0,0,0,0,0
g__Gemmiger_SGB15299,0,0,0,0,0,5.045000000000001e-4,0,0.0030673000000000002,0,0,0,1.8710000000000002e-4,0,0,0,3.186e-4,0,0,0,0,0,0.0103433,0
s__Roseburia_hominis_SGB4936,0,0,4.441e-4,0.0033331,0.0016552,0.0010137,7.648e-4,0.0017068,7.092e-4,8.545e-4,0,2.2380000000000002e-4,0,0.001473,0.0014679,7.917e-4,0.0051432,4.541e-4,0.0073659,0.0077517,0,0.0022012,8.315999999999999e-4
s__Blautia_obeum_SGB4811_group,0.0395147,0,0.0059763,0.0176534,6.885e-4,0.0716349,0.0029786,0.027126,6.704e-4,0.007379599999999999,0.0059332,3.9170000000000003e-4,0,0.0135654,0.0062324,0.0023429,0,0.0046565,0.0021498,0.0054961,0,0.0055776,0.0040026
g__Blautia_SGB4829,0,0,0,0,0,0.0028322000000000004,0,0.0032572,0,0,0,0,0,0,0,0,0,0.0031973,0,0,0,3.45e-5,0
s__Phocea_massiliensis_SGB14837,7.2e-5,0,4.0710000000000003e-4,2.7000000000000002e-5,0,1.4999999999999998e-6,1.281e-4,0,0,0,1.053e-4,3.676e-4,0,0,1.098e-4,1.55e-5,1.575e-4,1.952e-4,7.18e-5,1.55e-5,1.1e-6,0,2.2e-6
s__Dorea_formicigenerans_SGB4575,0,5.874e-4,9.682e-4,4.2909999999999997e-4,0.0022065,0.0018506,6.600999999999999e-4,0.0017653,9.191000000000001e-4,0,0.0013522999999999999,0,0,0.004626,0.0030015999999999997,0.0021351,0,0.0014319,0.0013259,2.399e-4,0,0.0028415000000000003,0.0025367000000000002
s__Gemella_sanguinis_SGB7298,0,0,9.7e-6,0,0,7.5e-6,0,0,0,0,0,0,0,0,2.27e-5,0,0,0,0,0,5.02e-5,0,0
s__Alistipes_inops_SGB2286,0,0,0,0.005226499999999999,0,0,0,0.015388200000000001,0,0,0.0012624,0,0,0,0,0.0025672,0,0,5.213e-4,0,0,0,0
s__Alistipes_shahii_SGB2295,0,0,0,0.0180382,0,0.0162447,0.0182363,0,0.0015125,0.0165255,0.0037447,0.0251776,0,0,0.0039087,0.0065752,0.0084746,0.029287,0.0114853,0,0,0.0044624,0.0100477
s__Alistipes_ihumii_SGB2328,0,0,0,0.0062192,0,0.0010504,0.001979,3.461e-4,9.65e-5,0,9.697e-4,0,0,0.0019114999999999998,0,9.188e-4,0,0,0.0018585,0,0,0,0
g__Blautia_SGB4779,0,0,0,2.41e-5,0,0,0,0,0,0,1.1299999999999999e-5,0,0,0,0.0012132999999999998,0,0,8.9e-6,0,0,0,6.29e-4,0
g__Blautia_SGB4810,0,0,0.0010003,0,0.0014942,0,0,0.0045551,9.1e-5,0,0,0,0,0.006125,0,0.002383,0,5.05e-5,0,0,0,7.563e-4,6.388e-4
s__Clostridium_fessum_SGB4705,0,0,0,8.551e-4,0,0.0025535999999999996,0.0014374000000000001,5.655e-4,0.0013089999999999998,0.0018088000000000002,0.001159,0,0,1.294e-4,0.0086593,0.0010489,0,0.0048524,0.0032412,3.069e-4,0,0.0023514,0.0063771999999999995
s__Gemmiger_formicilis_SGB15300,0,0,0.016264,0.0062242,0.0379177,2.184e-4,0.006625600000000001,0.0169288,0.0175468,0.0249075,0.0129288,0.0058851,0,0,0,0.012140100000000001,0,0,0.011386199999999999,0.0012236,0,7.488999999999999e-4,0
g__Blautia_SGB4815_group,0,0,2.3300000000000003e-4,8.655000000000001e-4,0.0059564,0.0013617000000000002,0,9.912e-4,2.9600000000000004e-4,0,4.753e-4,0,0,6.704e-4,3.62e-5,6.485000000000001e-4,0.0818138,0.0013543,0,3.761e-4,0,0.002722,3.058e-4
g__Blautia_SGB4831_group,0,0,0,0.0032708999999999998,3.0799999999999996e-5,9.096e-4,0,0.0014299,0,0,9.832e-4,0,0,0,0,0,0,0.0014193,0,0,0,8.049000000000001e-4,2.5770000000000003e-4
f__Lachnospiraceae_SGB4573_group,0.0016688,0.0016181000000000001,1.607e-4,0,0,1.259e-4,0,0,0,0.0019936999999999997,2.648e-4,0.007179799999999999,0,0.0063000999999999995,0,0,0,0,0.0012131,7.28e-5,0.03714,0,4.126e-4
f__Peptostreptococcaceae_SGB6141,0,0,9.669999999999999e-5,0,3e-7,0,0,0.001129,8.636000000000001e-4,0,0,2.3e-6,0,7.4e-6,0,0,0,0,0,1.25e-5,0,2.2329999999999998e-4,0
g__Clostridium_SGB4753,0.0012407,0,0,0,0,2.3e-6,1.783e-4,0,0,0,0,0,0,0,7.578999999999999e-4,0,0,0,0,6.11e-5,0,0,0
s__Coprococcus_catus_SGB4670,0,0,0,0.0010872,0,0,0,0.0023363,6.912e-4,0,0.0012852,0,0,0,0.006477500000000001,1.1190000000000001e-4,0,0.0010795,0,0,0,0.0019439000000000001,0
s__Neglecta_timonensis_SGB14851,0,0,1.893e-4,0,0,0.0014699000000000001,0,0,0,0.0013257,0,0.0028704000000000004,0,0.0017469999999999999,0,0,0.0022792999999999997,0,1.804e-4,0,0,0,0
s__Dorea_longicatena_SGB4582_group,0,0,0.0032435000000000003,0,0,0,0.0032015,0.0035349,0.0051499,0,0,0,0.0150617,0,0.0171148,9.032999999999999e-4,0,0,0.0058536,0.0016853,0,6.009e-4,0.00434
g__Roseburia_SGB4938,0,0,3.39e-5,3.05e-4,0,0,2.4260000000000002e-4,0.021086499999999998,0,0,2.929e-4,0.0032533,0,0.0064849,1.36e-5,5.451000000000001e-4,0.007899399999999999,0.001885,8.516e-4,0,0,0.0014250999999999999,0
g__Clostridium_SGB6179,1.18e-4,2.7799999999999998e-5,1.269e-4,0,0,0,0,0,0,0,0,0,0,0,5.08e-4,0,0,0,0,0,0,0,0
s__Murimonas_intestini_SGB25538,0,0,0,0,0,0,0,0,0,0,0,4.0000000000000003e-7,7.7e-5,0,0,0,1.036e-4,0,0,0,0,0,0
s__Prevotella_bivia_SGB1557,0,0,0,0,1.74e-5,0,0,6.300000000000001e-6,0,0,0,0,0,0,0,0,0,0,0,0.0023510000000000002,0,0,0
s__Hungatella_hathewayi_SGB4742,0,8.393000000000001e-4,2.3810000000000001e-4,0,0.0016925000000000002,0,2.2e-6,0,0,4.458e-4,0,3.0799999999999996e-5,1.4409999999999998e-4,3.27e-5,3.98e-5,0,4.786e-4,2.332e-4,0,9.972e-4,4.4699999999999997e-4,0,0
s__Blautia_wexlerae_SGB4837_group,0.007053,0.0631027,0.0170731,0.0088565,0.0080667,2.9110000000000003e-4,0.07161590000000001,0.012617499999999999,0.0496004,0.0588251,0.0295558,0.0183763,0.08283,0.046801,0.0356982,0.0315126,0,0.0449144,0.020121600000000003,7.029e-4,0.0016515,0.0172841,0.0190403
s__Lactococcus_lactis_SGB7985,3.6889999999999997e-4,0,0,0,7.19e-5,6.11e-5,3.429e-4,0,0,0,0,6.24e-5,1.11e-5,0,0,0,0,0,0,0,9.620000000000001e-5,4.6600000000000005e-4,2.785e-4
s__Eubacterium_ramulus_SGB4959,0,0,0,5.695e-4,0.0139097,0.0012595,0.0023453,8.078e-4,0.0013801,0.001953,0.002646,0,0,0,0.005534900000000001,0,0,0.0012889999999999998,0.0012159,0,0,1.2299999999999999e-5,0.0046657
s__Hungatella_hathewayi_SGB4741,3.3640000000000005e-4,0.0010961,0,0,1.5910000000000002e-4,2.005e-4,6.68e-5,0,0,4.274e-4,0,4.25e-5,0.0011316,2.1000000000000002e-6,9.3e-6,2.15e-5,0,5.0600000000000003e-5,3.81e-5,1.295e-4,2.007e-4,0,0
s__Hungatella_hathewayi_SGB4739,0,0,0,0,0,1.976e-4,0,0,0,2.1909999999999999e-4,0,4.61e-5,0,0,0,0,0,3.55e-5,0,0,0,0,0
s__Alistipes_communis_SGB2290,0,0,0.0075417999999999995,0.0021891,0,0.0020142,0,0.0043571,2.874e-4,0,0.0018575,0,0,0,0,0.0030567,0,0,0.0016555,0,0,0,7.256999999999999e-4
s__Lactococcus_lactis_SGB7984,4.0000000000000003e-7,0,0,0,0,2.45e-5,6.53e-5,0,0,0,0,0,0,0,0,0,0,0,0,0,1.461e-4,0,0
g__Dorea_SGB4552_group,0,0,5.472e-4,2.99e-4,0,6.632000000000001e-4,3.526e-4,2.135e-4,3.1719999999999996e-4,2.4219999999999998e-4,6.322999999999999e-4,4.4999999999999996e-5,0,0.0011505999999999999,9.886e-4,5.045000000000001e-4,0,9.57e-4,7.988000000000001e-4,0,0,4.986e-4,5.371999999999999e-4
f__Clostridiaceae_SGB14980_group,0,0,0,0,0,3.318e-4,0,0.0019142,0,0,0,0,0,0,0,0,0,0,0,0,0,0,0
g__Prevotella_SGB1677,0,0,0,0,0.012481299999999999,0,0,0,0,0,0,0,0,0,0,0,0,0,0,0,0,0.0025235,0
g__Anaerofilum_SGB79822,0,7e-7,0,0,0,1.8000000000000001e-6,0,0,0,4.28e-5,2.17e-5,1.0000000000000001e-7,0,0,0,0,2e-6,2.2e-6,1.036e-4,0,0,0,0
g__Clostridium_SGB29328,0,0,0,0,0,0,0,0,0,0,0,7.76e-5,0,7.14e-5,1.721e-4,2.7799999999999998e-5,0,0,1.58e-5,0.0011589,0,0,0
f__Ruminococcaceae_SGB15053_group,0,0,0,0.0092353,0,0.0038673999999999996,0.0017299000000000001,0.0075561,0.0039993,0,0.0096279,1.358e-4,0,0,0.0223556,0.0049006,0,4.711e-4,0.0266681,0,0,9.848e-4,0
g__Lachnospira_SGB5076,0,0,0.010137100000000001,0,0,0,0,0.0038247,0,1.286e-4,0,0,0,0,0,9.68e-5,0,0,0,0,0,1.22e-5,0
s__Dialister_hominis_SGB5803,0,0,0,0,0,8.652e-4,0,0.007461499999999999,0,0,0,0,0,0,0,0,0,0,0,0.0017327,0,0,0
g__Lachnospira_SGB5077,0,0,0,3.107e-4,0,0,0,0,0,0,0,0,0,3.141e-4,0.0032901000000000002,0,0,0,0,0.0011755000000000001,0,0,0
s__Blautia_stercoris_SGB4788_group,0,0,0,0,0,0,0,0,0.0031221,0,0,0,0,0,0.0133827,0,0,0.0021766,0,0,0,0,4.2720000000000003e-4
s__Coprococcus_eutactus_SGB5117,0,0,0,0,0.0031523000000000002,1.5959999999999998e-4,0.0023726,0.027193299999999997,0,0,0,0,0,0,0,0,0,0,0.0116355,0,0,0,0.0041538999999999994
s__Alistipes_finegoldii_SGB2301,0.008490600000000001,0,0,0.0085266,0,0.0034276000000000003,0.0045302,0.0113041,1.763e-4,0,0.0029245,0.0039305,0,0,0,0.0022362000000000003,0,0.004213,0.0055303999999999996,0.0124497,0,0.0040141,0
s__Enterococcus_faecium_SGB7967,0,0,0,0,0,0,0,0,0,0,0,0,0,0,0,0,0,0,0,3.9300000000000007e-5,0,0,0.025818300000000002
g__Alistipes_SGB2326,0,0,0,0,0,7.059999999999999e-4,0,0.0015365,5.69e-5,0,3.773e-4,0,0,0,0.0015049000000000002,0,0,0,7.112e-4,0,0,0,0
g__Clostridium_SGB4644,0,0,0,0.0037426,0.0010775,0,0.0021687,0.005765200000000001,0,0,0.0021159,4.834e-4,0,0.0018906,0,0.0032445,0,0.0011504,0.0079601,3.5000000000000004e-5,0,7.537e-4,0
g__Clostridium_SGB4711,0,0,6.969e-4,2.514e-4,0,3.5000000000000005e-4,4.659e-4,1.77e-4,0.0022013,0,0,0,0,0,8.198e-4,3.081e-4,0,7.932999999999999e-4,8.515e-4,7.9e-6,0,6.052e-4,7.153e-4
s__Anaerostipes_caccae_SGB4529,2.85e-5,5.573e-4,0,0,6.25e-5,4.45e-5,0,0,0,0,0,0,2.19e-5,4.7e-6,3.82e-5,0,0.0021547,5.500000000000001e-6,6.18e-5,0,4.072e-4,0,0
s__Roseburia_intestinalis_SGB4951,0,0.0988996,0.003293,0,0.0042787,0,0.0039181,0.0054762,0.0058807,0.0011094,0.0033778999999999997,9.520000000000001e-5,0,3.74e-5,0.0028391,0.0209709,1.464e-4,0.0044429000000000005,0,0,0,0,0.0011033
s__Alistipes_putredinis_SGB2318,0.040880200000000005,0,0,0.0401815,0,0.0081092,0.0407803,2.2100000000000002e-5,0.0051112,7.639e-4,0.016024,0.0999466,0,0,0.023597,0.036733600000000005,0.046595399999999995,0.0308917,0.0375843,0,0.0133896,0,0.0301255
s__Streptococcus_mitis_SGB8163,0,2.68e-5,1.2e-6,0,0,0,0,0,0,0,0,0,4.38e-5,0,4.37e-5,0,0,0,0,0,2.171e-4,0,0
g__Lachnospira_SGB5087,0,0,0,0.0042396,0,0,0,0.0016778000000000001,0.0114178,0,0,0.0095508,0,0,0,0.0016611999999999998,0,2.3249999999999999e-4,0.012945199999999999,0,0,0.0013913,0.0043512
s__Bacteroides_faecis_SGB1860,0,0,0,5.865e-4,0,0.0014569,0,0,0,0,0,0.005695,0,0,0,0.0145232,0,0,0,0,4.846e-4,6.86e-4,3.3790000000000003e-4
s__Bacteroides_nordii_SGB1858,0.005699300000000001,0,0.0019091,0,0,1.258e-4,0,0,6.449e-4,0,0,0.0046108,0,0,4.55e-5,0,0.0016302,0,0,0,2.087e-4,0,0
s__Blautia_hydrogenotrophica_SGB4677,0,0,3.1e-5,4.460000000000001e-5,0,2.0000000000000002e-7,5e-6,0,0,2.905e-4,4.2199999999999996e-5,0.003097,0,0,4.541e-4,1.0850000000000001e-4,0,7.327e-4,0,0,0,4.2000000000000004e-6,0
s__Enterococcus_faecalis_SGB7962,0,0,0,2.511e-4,0,0,0,0,0,0,0,0,0,0,0,0,0,0,0,0,0,0,0.0019161
s__Eubacterium_callanderi_SGB4080,9.468e-4,0,0,0,0,0,0,0,0,0,0,0,0,0,0,0,0.0020047,0,0.0032895000000000003,9.848e-4,0.0062069,0,0
g__Clostridium_SGB4659,0,0,0.04158629999999999,8.029000000000001e-4,0,0,3.107e-4,0.003283,0.0160707,0,0,0,0,0,0,0.006062499999999999,0,1.34e-5,0.0044544,0,0,0,0
s__Eubacterium_ventriosum_SGB5045,0,0,8.227e-4,0,3.71e-4,0.0012389999999999999,2.3109999999999998e-4,0,6.426e-4,0,5.022e-4,0,0,0.0014765,0.0064105,0,0,1.9e-6,0,0,0,7.54e-5,0
s__Roseburia_inulinivorans_SGB4940,0,0.045798,0.006764599999999999,5.505999999999999e-4,0,0,6.663e-4,0.0035974,0.0018373,0.0014183000000000002,0.0035563,0,0,0.0020157,0.0029673,7.373000000000001e-4,0,0.0027622999999999997,0.0030620000000000005,9.829e-4,0,5.635e-4,0.0022676
s__Bacteroides_clarus_SGB1832,0,0,0,7.78e-5,0,0,0.0036302,0,0,0,0,0,0,0,0.0049085,0,0,0.029657,0,0,0,0,0
s__Alistipes_onderdonkii_SGB2303,0,0,0,0.006857299999999999,0,0.01238,0.0122801,0.0024805,0.0040442,0,0.008415899999999999,0.049844,0.0600355,0.2511259,0.0048769,0.0016356,0,0.0785782,0.0021528,0,0.0040022,0,0.0040016
s__Bacteroides_ovatus_SGB1871,0,0,0.0346755,0.0035434999999999998,0.0751802,0,0.0074053,9.494e-4,0.0103203,0.0913809,0.0044740000000000005,8.92e-4,0,5.938e-4,8.914e-4,0.0037119,0,0,0.0084175,0.0050285,0.0226022,0.0019291,0.00271
g__Eubacterium_SGB5042,0,0,0,0,0,0,0,6e-5,0,0,0,0,0,0,0,4.5400000000000003e-4,0,1.11e-5,0,5.6e-5,0,0,0
s__Clostridium_disporicum_SGB6178,0,0,7.234e-4,0,0,0,0,2.043e-4,0,0,0,2.05e-5,0,5.25e-5,0,0,0,0,0,6.63e-5,0,5.92e-5,0
g__Gemmiger_SGB15295_group,0,0,0,0.015805899999999998,0.030440000000000002,0,0,0,0,0,0.0040238,0,0,0,0,0,0,0,0,0,0,0.0072699999999999996,0
s__Bacteroides_caccae_SGB1877,0,0,0.019454,0.0031452000000000003,0,0.0033750000000000004,0.0091072,0.007307200000000001,0.0133034,0.0329636,0.004355899999999999,0.0203671,0,0,0.0137069,0.0122851,0,0.0073772,0.0018124,0,0,0,0.0062527
s__Blautia_massiliensis_SGB4826_group,0,0.0378329,0.0160347,0.0044062,0.037419,9.665e-4,0.0030286999999999996,0.0021801999999999998,0.0128775,0,0.0073631999999999994,8.591e-4,0,0.0067028,4.016e-4,0.0015709,0,2.0219999999999998e-4,0.0149157,2.37e-5,0,0.0082921,0.0032467
g__Blautia_SGB4828_group,0,0,0.0025058999999999997,0.0031622,8e-5,5.644e-4,0,0.0014366000000000001,0,0,0.0022086,0,0,0,0,0,0,0,0,0,0,0.0029387999999999997,0
s__Rothia_mucilaginosa_SGB16986,0,0,0,1.002e-4,0,9.180000000000001e-5,0,0,0,0,0,1.45e-4,0,0,0,0,0,0,0,2.594e-4,0.001262,0,0
s__Veillonella_dispar_SGB6952,1.31e-5,2.1160000000000002e-4,4.364e-4,0,0,0,0,3.46e-5,5.3e-6,0,0,3.84e-5,0,0,0,0,0,0,0,2.8e-6,0,0,0
g__Clostridium_SGB4652,0,0,0.001665,0.0037292,0,0.0016595,0.0010715,0,4.052e-4,0,0,0,0,2.74e-5,9.727e-4,0,0,4.836e-4,0.0185724,0,0,0,8.000000000000001e-7
s__Streptococcus_mutans_SGB8000,0,0,2.9e-6,4.72e-5,0,0,0,0,0,0,0,0,2.458e-4,0,0,0,0,0,0,2.456e-4,0.0098604,0,0
g__Clostridium_SGB4712,0,0,0.0034726,0,0,4.8719999999999997e-4,1.347e-4,2.8999999999999997e-5,8.6e-5,0,0,1.51e-4,0,0,8.086e-4,0,0,2.561e-4,0.0018398,0,0,0,2.724e-4
s__Bittarella_massiliensis_SGB7263,5.3899999999999996e-5,0,0,4.2e-5,0,1.1860000000000001e-4,1.41e-5,0,0,8.779999999999999e-5,6.13e-5,4.99e-4,0.0019979,3.35e-5,0,0,4.32e-5,6.890000000000001e-5,0,0,4.038e-4,1.15e-5,0
s__Eisenbergiella_tayi_SGB4988,0,0,1.55e-5,0,7.344000000000001e-4,0.0017089,5.88e-5,6.94e-5,1.24e-5,1.55e-5,2.01e-5,0,0,7.230000000000001e-5,2.0799999999999997e-5,1.25e-5,0.0013933,1.8500000000000002e-5,4.3e-5,0.0203038,4.15e-5,7.325e-4,0
s__Alistipes_senegalensis_SGB2296,0,0,0,0,0,0.0094194,0,0,6.9e-6,0,0,0,0,0,0,1.0059999999999999e-4,0,0,0,0,0,0,1.77e-4
s__Rothia_mucilaginosa_SGB16971,0,0,1.37e-5,1.89e-5,7.8e-6,0,0,0,1.274e-4,0,0,1.408e-4,0,1.5e-5,4.01e-5,3.2e-5,0,3.06e-5,0,0,0,0,6.6e-6
s__Alistipes_indistinctus_SGB2325,0,0,0,2.01e-4,0,0.0055171000000000005,0,1.0580000000000001e-4,2.41e-5,4.094e-4,2.5489999999999996e-4,0,0,0,5.059e-4,6.24e-5,0.0031701000000000003,0,4.4709999999999997e-4,0,0,0.024305900000000002,2.854e-4
s__Ruminococcus_callidus_SGB4422,0,0,0,0,0,0,0,0.0196509,0,0,0,0,0,0,0,0,0,0.0269267,0,0,0,0,0
s__Sellimonas_intestinalis_SGB4617,0.0026041999999999997,0.0109398,1.5350000000000002e-4,0,0,0,0,0,0,3.163e-4,0,3.6659999999999997e-4,0.0015601999999999999,4.99e-4,3.9500000000000005e-5,0,0.0016224,0,0,0.0012956999999999999,0.0020053000000000002,0,0
s__Clostridium_phoceensis_SGB15154,0.0036877,0.0149733,0,6.213e-4,0.0027353,0.0010565,0.0038404,1.6230000000000001e-4,4.46e-4,0.0021746,0.004842099999999999,0.0026233000000000003,0.0083859,0.0021142,2.3249999999999999e-4,0.0018209,0,0.0063598,0.001459,1.415e-4,7.46e-5,0.0010961,8.313e-4
s__Streptococcus_oralis_SGB8130,0,1.25e-5,0,4.5e-6,0,4.9e-6,0,0,0,0,0,0,0,7.1e-6,0,0,0,0,0,1.8000000000000001e-6,3.117e-4,7.6e-6,0
s__Tyzzerella_nexilis_SGB4588_group,0,0.014339900000000001,0,0,0,0,0,0,0,0.0014085,5.13e-5,0,0,0,0,0,0,0,0,0,2.4e-6,0,0
s__Anaerotignum_faecicola_SGB5190,0,0,0.0013479,4.6269999999999997e-4,0,5.78e-4,0,8.13e-5,6.034e-4,0,3.2e-4,0,0,0,0.0061549,0.0024381,0,0.005998,8.913e-4,0,0,0.0011449,0.0011619
s__Veillonella_rogosae_SGB6956,0,1.0460000000000001e-4,7.72e-5,4.7499999999999996e-5,0,0,0,0,0,0,0,0,0,0,0,0,0,0,0,0,0,0,3.96e-5
g__Clostridium_SGB4714,0,0,0,1.092e-4,0,5.616999999999999e-4,9.704000000000001e-4,0.0015155,0.0023625,0,8.779e-4,2.053e-4,0,0,2.893e-4,0.0019225999999999998,0,0,0.0025218000000000003,0,0,6.189e-4,6.689e-4
g__Clostridium_SGB4914,0.0025346,0,0.0072124,0.0081566,0,0.0031307,0.0069111,0.0048629,0.0052249,0.0081847,0.0018862999999999998,0,0,2.3380000000000002e-4,3.322e-4,1.127e-4,0,0.0018111,0.025503900000000003,1.081e-4,0,0.0019551,0.0045284999999999995
s__Veillonella_parvula_SGB6939,0,4.1709999999999995e-4,1.5570000000000002e-4,3.32e-5,1.4499999999999998e-5,2.8700000000000003e-5,0,1.6000000000000001e-6,0,0,0,4.6e-5,0,0,8.7e-6,0,0,0,0,1.0080000000000001e-4,0,0,0
s__Veillonella_atypica_SGB6936,0,2.1129999999999999e-4,8.332000000000001e-4,4.460000000000001e-5,0,0,0,2.4819999999999996e-4,0,0,0,3.5e-6,0.0011803,0,0,0,0,0,0,4.44e-5,1.2299999999999999e-5,7e-7,0
g__Clostridium_SGB4749,0,0,9.726e-4,5.4499999999999997e-5,0,0,0,2.983e-4,7.709e-4,0,0.0021767,0,0,0,0.0013764,0.0015018999999999998,0,0.0019433,8.051e-4,0,0,5.379e-4,9.687999999999999e-4
g__Ruminococcus_SGB4290,0.0489351,0,1.459e-4,0.0294304,0,0.019603600000000002,0,0,0,0,0,0,0,0,0,0,0,0,0,0,0,0,0.022202299999999998
s__Coprococcus_comes_SGB4577_group,0,0,0.005031600000000001,0.0055606,0,0.0033587,0.0018457,0.0036469000000000002,0.0030832,0,0.0070282,0,0.031868099999999996,0,0.0162388,0,0,0.0075017,0.0028241,0.0035403,0.0330843,0.0026188,0.0027960000000000003
s__Faecalicatena_orotica_SGB4616,0,0,0,0,0,0,0,0,0,3.4639999999999996e-4,0,2.34e-5,0,0,0,0,0,0,0,2.65e-5,0,0,0
s__Enterocloster_aldensis_SGB4762,2.987e-4,0.0010808,3.286e-4,0,0.0021723000000000003,0,2.668e-4,0,0,0.0017331,0,3.79e-5,0.0011749,1.882e-4,2.5999999999999997e-6,0,5.0600000000000003e-5,2.95e-5,0,1.76e-5,4.533e-4,0,0
s__Streptococcus_gordonii_SGB8053,0,0,0,4.21e-5,0,0,0,0,0,0,0,8.3e-6,4.5e-6,0,3.81e-5,0,0,0,0,1.38e-4,1.898e-4,1.97e-5,0
f__Eggerthellaceae_SGB63101,1.4599999999999999e-5,0,0,8.88e-5,7.883e-4,1.753e-4,1.291e-4,2.2950000000000002e-4,0,3.6290000000000004e-4,2.672e-4,0.0010071,0,3.541e-4,0,5.19e-5,0,6.87e-4,1.463e-4,0,4.0919999999999997e-4,0,0
f__Marinilabiliaceae_SGB79883,0,0,0,0,0,1.4400000000000001e-5,9.3e-6,0,0,0,0,1.1000000000000001e-5,0,0,0,0,2.47e-5,2.0000000000000002e-7,9.3e-6,7.29e-5,1.872e-4,4.1e-6,3.2000000000000003e-6
s__Bariatricus_massiliensis_SGB4006,0,0,0,0,0,8.91e-5,0,0,0,0,0,0,0,0,0,0,0,0,4.98e-5,0,0,0,0
s__Lacrimispora_amygdalina_SGB4716,0.0035903000000000003,0,0.009652500000000001,4.154e-4,0,6.419999999999999e-4,0.0029405,4.72e-4,0.001688,0,0.0013172000000000001,0.0012182,0,0.0026931,0.0011662,0.0018945000000000001,0,0.0017272000000000001,8.837000000000001e-4,0,0,3.289e-4,0.0014898000000000001
g__Oscillibacter_SGB15254,0,0,0,0.0180698,0.026304599999999997,0.0014264,0,0.0046604,0.0024351999999999998,0,0.0195616,0,0,0.011384799999999999,0,0.0185379,0,0.0283476,0,0,0,0.0342144,0
g__Ruminococcus_SGB25497,0,0,0,0,1.46e-4,0,0,0,0,0,0,0,0,0.0016508,0,0,0,0,0,0,0,1.7020000000000002e-4,0
s__Faecalimonas_umbilicata_SGB4583,3.116e-4,0.0072949,0,0,0,0,0,0,0,0.0030883,0,0,0.0092022,1.8180000000000003e-4,0,0,0.0027233,0,0,0,0,0,0
g__Oscillibacter_SGB7258,0,0,0,9.6e-6,0,4.1e-6,0,3.3e-6,0,0,2.0799999999999997e-5,0,0,1.05e-5,0,1.31e-5,0,2.5e-6,0,0,0,1.7e-6,0
s__Coprobacter_secundus_SGB1962,0,0,0,0,0,7.41e-5,0,0,0,0,0,0,0,0,0,0,0.001595,0,0,0,2.9299999999999997e-5,0,0
s__Faecalicatena_contorta_SGB4613,3.4099999999999995e-5,2.21e-4,2.72e-5,4.9e-5,1.865e-4,1.01e-5,1.087e-4,1.87e-5,0,9.92e-5,0,4.01e-5,5.107e-4,6.14e-5,3.76e-5,2.9299999999999997e-5,1.1339999999999999e-4,8.5e-5,1.022e-4,1.515e-4,3.86e-5,1.3979999999999998e-4,9.9e-6
s__Bacteroides_eggerthii_SGB1829,0,0,0,0.0050005,0,0,0,0.018666799999999997,0.0194122,0,0,9.6e-6,0,0,0.046978,0,0,0,0,0,0.0082492,0,0
s__Dialister_invisus_SGB5825_group,0,0.0056752,0,2.2960000000000002e-4,0.012675399999999998,0,0,0,0,0.0103354,0,0,0.0101538,0.0012870000000000002,0,0,0.0054779,0,0,0.005096699999999999,0,0.0071112,0
s__Lachnospira_eligens_SGB5082_group,0,0,0.0031265999999999998,0.0020475,0.0042715999999999995,0.0248507,0.0017399999999999998,0.0193318,0.0047261,0,0.0053203,0.003007,0,5.947999999999999e-4,0.0030017,0.0018048,0.010993200000000002,0.0061857,0.0023721999999999997,0.010858000000000001,0,0.0032497999999999997,0.0030372
s__Bacteroides_finegoldii_SGB1862,0,0,0,0,0,0,0.0010795,0,0.020139499999999998,0,0.002194,0.010666199999999999,0,0,1.514e-4,0,0.030950799999999997,0,0,0,0,0,0
s__Catabacter_hongkongensis_SGB14143,0,0,0,0,0,0,0,0,0,0,0,0,0,0,9.2e-6,0,0,3.2000000000000003e-6,0,0,0,0,0
s__Ruminococcus_bicirculans_SGB4262,0,0,0.0127338,0.001976,0,1.37e-5,0,0.0022635,0.0093375,0,0.0737617,0.007714100000000001,0,0.0093542,0,0.009640300000000001,0,0.0190428,0,0.0018896,0,0.0078571,0.0088907
s__Enterocloster_citroniae_SGB4761,0,3.276e-4,1.514e-4,0,4.766e-4,2.4599999999999998e-5,1.497e-4,0,3.0200000000000002e-5,7.07e-5,0,0,3.01e-4,1.115e-4,3.23e-5,1.05e-5,1.3979999999999998e-4,8.89e-5,8.25e-5,1.21e-5,6.722e-4,4.94e-5,9.82e-5
s__Victivallis_vadensis_SGB9202,0,0,0,0,0,9.42e-5,0,0,0,0,2.62e-5,0,0,0,0,2.6e-5,0,1.079e-4,9.131e-4,0,0,0,0
s__Ruminococcus_gauvreauii_SGB29375,0,0,0,0,0,0,0,0,0,0,0,0,0,1e-6,5.99e-5,0,0,0,2.362e-4,1.02e-5,0,0,0
g__Marvinbryantia_SGB4691,0,0,0,0,0,0,0,0,0,0,0,0,0,0,0,4.26e-5,0,0,6.698e-4,0,0,0,0
s__Streptococcus_sanguinis_SGB8047,0,1.86e-5,6.7e-6,5e-7,0,0,0,0,0,0,0,2.8800000000000002e-5,0,0,0,0,0,0,0,0,0,0,0
s__Harryflintia_acetispora_SGB14838,0,0,0,6.49e-5,7.734e-4,3.597e-4,0,0,0,6.008e-4,9.1e-6,2.4359999999999999e-4,0,0,2.8700000000000003e-5,0,0,1.274e-4,5.1599999999999994e-5,8.2e-5,6.135e-4,0,0
f__Oxalobacteraceae_SGB9391,0,0,0,1.285e-4,0,2.836e-4,0,0,1.0080000000000001e-4,0,5.385e-4,0,0,0,0,0,0,0,0,0,0,3.6790000000000005e-4,0
s__Anaerobutyricum_hallii_SGB4532,0,0,0.0015745000000000002,0.0061432,0,0.0014676000000000001,0.0038083,0.0061773999999999996,0.0015903,0.0079804,6.906e-4,0,0,0.007411600000000001,0,0.0158578,0,0.0111803,0,0,0,0.0070128000000000005,0.0046964
s__Romboutsia_timonensis_SGB6148,0,1.7989999999999998e-4,0.0032962000000000004,0.0011725,0,6.46e-5,5.42e-5,7.249e-4,2.592e-4,0,0.00059769999999999995,0.0016404,6.536000000000001e-4,0,6.053e-4,0,0,1.41e-5,0.0011649,1.281e-4,0,0.0010452,0
s__Ruminococcus_bromii_SGB4285_group,0,0,0,0,0.139126,0,0.01117,0.0445009,0.003336,0,0.0156293,0,0,0.0165929,0,0.0374297,0,0.0365045,0.027081,0.031658900000000004,0,0.028795799999999996,0
s__Anaerobutyricum_hallii_SGB4537,0,0,0.0068689,6.582000000000001e-4,0,5.41e-5,6.994e-4,6.165000000000001e-4,0.0023577999999999997,0,0.00924,0,0,3.35e-4,0.011676200000000001,0.0100286,0,4.501e-4,0,6.387e-4,0.0016071,3.811e-4,0
s__Massilimaliae_timonensis_SGB7253,2.95e-5,1.268e-4,0,1.1e-6,6.14e-5,0,0,0,0,4.4e-6,3.1e-6,4.02e-5,0,3.55e-5,8.1e-6,0,0,4.45e-5,0,0,0.0010221,8.5e-6,0
g__Flavonifractor_SGB15134,0,7.159999999999999e-5,0,0,0,4.84e-5,0,0,0,0,1.5219999999999999e-4,0,0,0,0,0,0,0,0,0,0,0,0
s__Anaerostipes_hadrus_SGB4540_group,0.011321000000000001,0.010137700000000001,0.0073477,0.0031601000000000003,0.0089557,0.0043793,0.011899999999999999,0.0017715,0.0226494,0.0018895000000000001,0.0032131,0.0099549,0.010192000000000001,0.0015216,0.0216736,0.0018888,0,0.005326,6.071e-4,1.47e-5,0.0127221,0.0013955,0.0025031
g__Prevotella_SGB1626,0,0,0,0,0,0.002482,0,3.14e-5,0,0,0.1208796,0,0,0,0,0,0,0,1.318e-4,0,0,0.0027975,0.1001967
s__Evtepia_gabavorous_SGB15120,0.0021608,0,0,0.0030969,0.0059232,0.007124,0.0014996999999999999,0,5.992e-4,0,0.0036453,0.0037614999999999997,0,0.0053673,0,0.0014863,0.0022788,0,0.0028257,0.0037153000000000004,4.57e-5,0.006311099999999999,0
s__Paraprevotella_clara_SGB1798,0,0,0,0,0,0.0043081000000000005,0,0,0.009513,0,0,0,0,0,0.008889399999999999,0.0117943,0,0.0023162,0.0104726,0,0,0,0
g__Clostridium_SGB6174_group,0,0,9.748e-4,0,1.173e-4,8.8e-6,0,9.329999999999999e-5,0.0100231,0,9.124000000000001e-4,5.893000000000001e-4,0,0,0,0,0,0,0,0,0,0,0
s__Enterocloster_lavalensis_SGB4725,6.605999999999999e-4,0.0014882,0,0,8.531999999999999e-4,6.38e-5,1.21e-4,0,1.4599999999999999e-5,0.001134,0,9.894e-4,4.1349999999999997e-4,0,5.64e-5,3.34e-5,9.175e-4,1.312e-4,4.011e-4,0,0.0036855,0,0
s__Ruminococcus_gnavus_SGB4584,0.0059076,0.0164983,3.99e-4,7.2999999999999996e-6,0.0012861,3.6740000000000004e-4,1.09e-5,0,1.052e-4,0.0025275999999999996,0,0.0016989000000000001,0.0446659,0.0031194,0.0025247000000000004,0,0.0039262,1.05e-4,2.1319999999999998e-4,5.036e-4,0.0184266,0,3.601e-4
f__Erysipelotrichaceae_SGB4030,0,3.47e-5,0,1.055e-4,0,8.72e-5,0,0,0,0,1.2600000000000001e-5,1.4670000000000002e-4,0.0017364,0,0,0,0,0,0,0,0,0.018078,0
s__Flavonifractor_plautii_SGB15132,0.0039891,0.0218023,0.0068269,4.5199999999999994e-5,0.0047716,1.0300000000000001e-5,0.0015852,2.49e-5,6.05e-5,0.0028236,4.1029999999999994e-4,0.008705000000000001,0.023597899999999998,0.0121505,7.871999999999999e-4,7.85e-4,0.007249,0.0016270000000000002,7.656000000000001e-4,0.0045199,2.365e-4,6.96e-5,4.3180000000000003e-4
s__Cuneatibacter_caecimuris_SGB29380,0,0.0010699,0,0,0,7.5e-6,1.6000000000000001e-6,0,0,8.77e-5,5.1e-6,8.21e-5,1.383e-4,6.06e-5,0,3.4e-6,2.86e-5,0,0,1.32e-5,0,0,0
s__Eggerthella_lenta_SGB14809,5.704999999999999e-4,0,7.795e-4,0,0.0018153,8.466999999999999e-4,4.8239999999999996e-4,4.28e-5,1.1119999999999999e-4,0.0035271,0,0.0024598,0.0295499,0.0050476,7.172000000000001e-4,4.96e-4,0.0012740000000000002,5.614999999999999e-4,0.0010848,0.0106436,0.0333283,2.4129999999999998e-4,5.32e-5
s__Bacteroides_intestinalis_SGB1846,0,0,0,3.4470000000000003e-4,0,0,0,0,0,0,1.357e-4,0,0,0,2.668e-4,0,0,0.0139857,0,0,0,0,0
s__Butyricimonas_virosa_SGB1784,0,0,0,0,0,0,0,0,3.947e-4,0,2.473e-4,0,0,0,0.0028942,0,0,0,0,0,0,0,5.562000000000001e-4
s__Catenibacillus_scindens_SGB59869,0,1.869e-4,0,7.060000000000001e-5,0,0,6e-5,0,0,0,0,8.9e-5,0,0,0,0,0,0,0,0,0,1.164e-4,0
s__Dysosmobacter_welbionis_SGB15078,0.0043717,0.0259929,0.006075700000000001,0.0015479,0.009409800000000001,0.0019501,0.005559199999999999,6.86e-5,3.991e-4,0.012963599999999999,0.0044735999999999995,0.0192292,0,0.0073259,0.0019903,0.0013165,0.0130484,0.0068225000000000004,0.0042683,0.0012235,9.937e-4,0.001429,0.006716499999999999
g__Lactonifactor_SGB48013,0,4.6719999999999997e-4,2.5300000000000002e-5,0,2.114e-4,2.5999999999999997e-6,0,0,0,1.7500000000000002e-5,0,8.81e-5,0,0,0,0,0,2.32e-5,3.9699999999999996e-5,5.64e-5,0.0019866,0,0
s__Clostridium_symbiosum_SGB4699,5.468e-4,5.608e-4,5.646000000000001e-4,0,6.116e-4,0,3.1600000000000004e-4,0,0,0.0022996,0,2.964e-4,0.0017321,1.0800000000000001e-4,1.139e-4,7.59e-5,3.2349999999999995e-4,7.49e-5,0,0.0017852999999999999,1.675e-4,3.14e-5,0
g__Dysosmobacter_SGB15124,4.26e-4,6.812999999999999e-4,0.0011544,0.00022810000000000001,0.0011644000000000001,3.989e-4,4.378e-4,0,1.4e-6,3.368e-4,4.437e-4,0.0010248,0,3.5479999999999995e-4,4.437e-4,7.7e-5,0.0016979,0.0011172999999999999,5.273e-4,1.9199999999999998e-4,1.2600000000000001e-5,8.341999999999999e-4,0.0018858
s__Coprobacter_fastidiosus_SGB1963,0,0,0,0,0,0,0,8.026999999999999e-4,3.698e-4,0,5.874999999999999e-4,0,0,0,0,0,0,5.544e-4,0,0,0,0,4.44e-4
s__Dielma_fastidiosa_SGB4031,0,0.0015567,0,0,0,0,0,0,0,0,0,1.7500000000000002e-5,0,0,0,0,0,1.34e-5,5.1e-6,0,0,0,0
g__Flavonifractor_SGB15160,0,0,0,3.37e-5,0,2.0600000000000003e-5,0,0,0,0,4.96e-5,0,0,0,0,0,5.18e-5,0,0,0,0,2.476e-4,0
s__Ruminococcus_torques_SGB4608,0.0086153,0.0034819,3.78e-5,0.0022232,0.0039847,2.929e-4,0.0029389,0.0021908,4.6e-5,0.021545899999999996,0.0020399,0.0103173,0,0,0,0,0.0155593,0.0072204,1.4e-6,0.0253363,0.0087174,0.003616,4.56e-5
g__Oscillibacter_SGB79833,0,0,0,0,0,0,0,0,0,0,3.67e-5,0,0,0,0,2e-6,0,0,1.62e-5,0,0,0,0
s__Neobittarella_massiliensis_SGB7264,0,2.985e-4,7.67e-5,0,4.978e-4,0,2.24e-5,0,0,0,0,0,0,6.440000000000001e-5,1.92e-5,1.15e-5,0,9.1e-6,0,1.87e-5,0,0,6.62e-5
s__Anaerofustis_stercorihominis_SGB4116,0,0,0,0,0,0,0,0,0,0,0,7.81e-5,0,0,0,0,0,3.3e-6,0,4.2000000000000004e-6,0,0,0
s__Ruminococcus_lactaris_SGB4557,0,0,0.0057089,0,0.025571700000000003,0,0.0043118,6.981e-4,0.007574300000000001,0,0.0042888,0,0,0.0085313,0,0.007441,0,0.0022123,0.0062531999999999996,0.0022997,0,0,0.0085205
g__Streptococcus_SGB8059_group,0,6.1000000000000005e-05,5.092e-4,3.4399999999999996e-5,9.1e-6,0,0,0,0,0,9.8e-6,2.8e-5,0,0,1.57e-4,3.4e-6,0,5.82e-5,0,0,0,3.0500000000000003e-5,5.26e-5
s__Bacteroides_xylanisolvens_SGB1867,0.0576057,0,0.009613199999999999,1.384e-4,0,4.1329999999999996e-4,0.0010053,0.0036333,7.291999999999999e-4,1.97e-5,0,0.0044503,0.1036316,0.011787,2.282e-4,0,0.022835,0.0048406,4.368e-4,0,1.0609999999999999e-4,0.0011083999999999998,0.0023177000000000002
s__Streptococcus_thermophilus_SGB8002,2.188e-4,0.0464588,2.2429999999999998e-4,1.07e-5,0.006847499999999999,8.429e-4,0.0031556,0,4.654e-4,0,3.9e-6,1.3010000000000002e-4,1.9470000000000002e-4,0,1.069e-4,0,0,0.0010387,0,3.473e-4,6.13e-5,0.0014278,0
s__Kytococcus_sedentarius_SGB17151,0,0,0,0,1.6000000000000001e-6,9.000000000000001e-7,0,0,0,0,0,0,4.7e-6,0,0,0,0,0,0,6.6e-6,1.6000000000000001e-6,0,0
s__Lacrimispora_saccharolytica_SGB4701,0,0.0019635,0,0,0,0,9.47e-5,0,0,0,0,0,0,0,0,0,0,0,3.453e-4,1.178e-4,0.014202399999999999,2.492e-4,0
s__Lacrimispora_celerecrescens_SGB4868,0,0,0,2.0160000000000002e-4,0,0.012095100000000001,0.0014785,0.0011178,5.783e-4,0,0.0017022,0,0,0,0,1.91e-5,0,0.0039891,0,0,0,4.1700000000000004e-5,0.016055
s__Actinomyces_oris_SGB15878,0,0,0,3.34e-5,0,8.25e-5,0,1.4999999999999998e-6,0,0,0,4.79e-5,2.44e-5,0,0,0,0,2.12e-5,0,3.57e-5,0.0013065,4.6e-6,0
s__Anaerotruncus_colihominis_SGB14963,3.498e-4,4.72e-4,3.297e-4,5.8399999999999997e-5,0,5.1200000000000004e-5,1.384e-4,0,0,5.047e-4,0,1.718e-4,0.0011352,0.0010561,1.334e-4,0,0.0011489,0.0020206,4.1099999999999996e-5,0.0039962,1.705e-4,8.512999999999999e-4,7.43e-5
s__Rothia_dentocariosa_SGB16988_group,0,0,0,1.2e-6,0,0,0,0,0,0,0,2.9999999999999997e-6,0,5.7e-6,0,0,0,1.8000000000000001e-6,0,7.9e-6,2.0930000000000002e-4,0,0
s__Enterocloster_bolteae_SGB4758_group,0.0021834000000000003,1.334e-4,2.1600000000000002e-4,0,6.422999999999999e-4,4.67e-5,6.047e-4,0,3.92e-5,0.005961800000000001,0,2.922e-4,0.0019911,6.124e-4,4.04e-5,1.3899999999999999e-5,0.0078592,1.9189999999999998e-4,1.052e-4,2.794e-4,0.0041662,1.7160000000000002e-4,2.9999999999999997e-6
c__Clostridia_SGB3962,0,0,0,1.45e-4,0,0.0010424,0,0,0,2.5200000000000003e-5,2.678e-4,2.6880000000000003e-4,0,0,0,0,1.436e-4,9.6e-6,0,0,9.225e-4,2.4e-6,0
s__Bacteroides_fragilis_SGB1855_group,0.014764999999999999,0,0.0023155,0,0,0,0,9.540999999999999e-4,0.0146962,0.0256691,0,0,0,0.0039611,4.9199999999999997e-5,0,0.0086107,0,0,0,7.67e-5,0,0.0036675
c__Clostridia_SGB3959,0,0,0,0,0,5.849e-4,0,6.834e-4,0,0,1.43e-4,0,0,0,0,0,0,0,0,0,0,0,0
s__Angelakisella_massiliensis_SGB29321,0,0,0,1.49e-5,0,2.13e-5,0,0,0,0,0,0.0023996,0,0,0,0,0,0,0,0,0,2.708e-4,0
s__Anaerotruncus_rubiinfantis_SGB25416,0,2.4150000000000002e-4,0,9.31e-5,0,3.498e-4,4.3899999999999996e-5,7.4e-6,1.1e-6,6.05e-5,5.35e-5,3.485e-4,0,6.06e-5,0,1.38e-5,2.18e-5,8.4e-5,4.5e-6,0,2.18e-5,1.849e-4,0
c__Clostridia_SGB4348,0,0,0.0635052,0,0.0943852,0,0,0,0.0024085,0,0,0,0,0,0,0,0,0.0742518,0,0,0,0,0.0496753
c__Clostridia_SGB6305,0,0,0,0,0,0.0027096,0.0016001000000000001,0,0,0,1.884e-4,0,0,0,0,0,0,0,0,0,0,0,8.409e-4
s__Parabacteroides_merdae_SGB1949,0,0,0,0.0055794,0,0.0018598999999999998,0.00302,0.0022094,0,0.014319599999999998,0.0025886999999999998,0.050675,0,0,0.0070869,0,0,0.0074223,0.014306900000000001,0,0.0040977999999999995,0,0.005905700000000001
s__Odoribacter_splanchnicus_SGB1790,0,0,0.0020504,0.0020659,0.010283899999999999,8.321000000000001e-4,0.0049856,0.0012675,0.0010958,0,0.0020443,0.0043009,0,0,0.0046511999999999994,0.0038245,0.0043911,0,0.0019152,0,0,0.0041735,0.0024694
s__Levyella_massiliensis_SGB5300,0,0,2.76e-5,0,8.21e-5,0,0,0,0,0,0,0,0,0,0,0,0,0,0,3.4e-5,0,0,0
s__Streptococcus_parasanguinis_SGB8071,0,1.494e-4,2.521e-4,6.762999999999999e-4,1.64e-5,2.972e-4,0,7.84e-5,3.5729999999999996e-4,0,5.8e-6,7.366e-4,1.1599999999999999e-4,7.798e-4,0.0020837,4.1e-5,0,4.41e-5,1.931e-4,0.0011389,0.0147315,5.625000000000001e-4,0
s__Massilimaliae_massiliensis_SGB29347,0,0,0,1.2899999999999998e-5,4.54e-5,0,1.2299999999999999e-5,0,0,0,1.2999999999999998e-6,4.13e-5,0,0,0,0,8.400000000000001e-6,1.0399999999999999e-5,1.89e-5,0,9.46e-5,0,0
s__Anaerotruncus_massiliensis_SGB14965,4.24e-5,0,0,8.202e-4,0,4.192e-4,0,0,3.31e-5,0.00545,2.526e-4,0.026878600000000002,0,0.0023831,0,8.36e-5,1.038e-4,2.21e-4,1.925e-4,0,0,0,0
c__Clostridia_SGB3996,2.787e-4,1.448e-4,0,4.7e-6,0,1.89e-5,4.213e-4,0,1.95e-5,0,4.2199999999999996e-5,2.731e-4,0,1.351e-4,0,9.4e-6,0,2.332e-4,2.004e-4,2.9780000000000003e-4,0,0,3.269e-4
c__Clostridia_SGB6367,0,0,0,0,0,0,0,0,0.005019099999999999,0,0,0,0,0,0,0,0,0,0.0028997,0,0,0,0.0045389
g__Clostridium_SGB29302,0,1.8000000000000001e-6,0,3.98e-5,0,6.18e-5,2.3e-6,5.1e-6,0,0,6.4000000000000006e-6,1.94e-5,0,0,1.4999999999999998e-6,0,0,4.1e-6,1.56e-5,0,0,2.2000000000000003e-5,0
s__Eisenbergiella_massiliensis_SGB4987,7.038e-4,0.025891700000000004,0,1.0300000000000001e-5,0,4.14e-5,3.01e-5,0,0,4.922e-4,2.5999999999999997e-6,0.0019375999999999998,0.0010968,4.405e-4,6.29e-5,0,0.0025229000000000002,1.53e-5,9.971e-4,0.0017621999999999998,0.0032184,0,0
s__Enterocloster_asparagiformis_SGB4724,0,0,2.514e-4,0,0,7.77e-5,0,0,0,3.46e-4,0,1.4e-6,4.3369999999999997e-4,1.14e-4,0,0,9.328e-4,0,1.899e-4,1.1089999999999999e-4,5.306999999999999e-4,1.2880000000000001e-4,1.6240000000000002e-4
s__Bacteroides_uniformis_SGB1836_group,0.2266049,0,0.0284158,0.0146094,0.11061220000000001,0.0735846,0.0977951,0.0347639,0.0085243,0.18973759999999998,0.0055164,0.0337067,0.0497899,0.0947244,0.0679158,0.08466900000000001,0.1173607,0.0199746,0.049684400000000004,0.0382471,0.0067407,0.002107,0.018967400000000002
g__Butyricicoccus_SGB14991,0,0,0,0.0081199,0,0,0,0,0,0,0.0063186,0.0030336,0,0,0,0,0,0,0,0,0,0.005276100000000001,0
s__Bacteroides_stercoris_SGB1830_group,0,0,0.1183269,0.0017448,0,1.43e-4,0.0396851,0,0.001771,0,0.0051234,0.0714839,0,0.0161844,4.5e-6,0.020824699999999998,0.0794045,0,0.0117928,0,0,0,0.0015248999999999998
s__Megamonas_funiformis_SGB6962_group,0,0,0,0,0,8.55e-5,0,0,0,0,0,0,0,0,0,0,0,0.0010466,0,0,0,0,0.0134831
s__Bacteroides_stercorirosoris_SGB1848,0.026543999999999998,0,0,1.2e-6,0,0.0153437,0,0,0,0,0,0,0,0,0,0,0,0,0,0,0,0,0
s__Bacteroides_cellulosilyticus_SGB1844,0,0,0.0049164000000000005,0.002108,0,0,0.018868700000000002,0.0025135,0.0025205,0.0076219,6.494e-4,5.17e-4,0,0,0,0.0044037,0,2.2300000000000003e-5,0.0023249,0,0,0,0.0022541
s__Lachnospira_pectinoschiza_SGB5075_group,0,0,0,0.0024283,0,0,0.0012753999999999999,0,0.0138783,0,0.0071501,1.928e-4,4.3450000000000004e-4,0,0,0,0,0.0037392,0.01268,0,0,0,3.09e-5
c__Clostridia_SGB14891,0,0,0,0,0.0012472,3.29e-5,1.178e-4,2.14e-5,0,9.169999999999999e-5,2.424e-4,0,0,0,0,5.3e-6,0,4.98e-5,1.806e-4,0,1.0460000000000001e-4,0.0010073999999999999,0
s__Cloacibacillus_evryensis_SGB15506,0,0,0,0,0,0.002417,1.7500000000000002e-5,0,0,0.012300899999999998,1.11e-5,0,0,0,0,0,0,0,0,0,0,0,0
c__Clostridia_SGB15410,0,0,0,0,0,0,4.65e-5,3.006e-4,0,0,2.129e-4,0,0,0,0,2.94e-5,0,0,0,0,0,0,0
s__Christensenella_minuta_SGB14142,0,0,0,0,0,0,0,0,0,0,0,0,0,1.16e-5,2.9299999999999997e-5,1.43e-5,4.2300000000000005e-5,0,0,0,0,0,0
s__Megasphaera_micronuciformis_SGB5868,0,0,0,0,0,3.1e-6,0,0,0,0,0,0,0.0058163,0,0,0,0,0,0,1.105e-4,0,0,0
c__Clostridia_SGB14921,0,0,0,2.857e-4,0,0.0013449,0,4.265e-4,1.7899999999999998e-5,0,0.0010337,0,0,0,0,5.129e-4,0,0,6.085e-4,0,0,0,0
c__Clostridia_SGB14306,0,0,0,0,0,0.0398231,0.0044538,8.219e-4,6.889000000000001e-4,0,0.005089399999999999,0,0,0,0,0,0,0,2.138e-4,0,0,0,0
s__Bacteroides_thetaiotaomicron_SGB1861,0.0339979,0,0,9.520000000000001e-5,0,5.3400000000000004e-5,0.0106183,0.0011842,0.0064576,0,4.4060000000000003e-4,0.0032424,0,0.011445799999999999,0.00783,6.45e-5,0.009473200000000001,0.0042158000000000004,0.0022694,0.0086103,5.513e-4,0,0
s__Anaerotignum_lactatifermentans_SGB5193,0,1.258e-4,0,0,0,0,1.016e-4,0,0,4.6299999999999994e-5,0,1.3899999999999999e-5,0,2.48e-5,0,0,0,0,0,7.88e-5,9.499999999999999e-5,0,0
c__Clostridia_SGB14940,0,0,0,2.517e-4,0,4.7000000000000004e-5,0,2.877e-4,0,0,3.887e-4,3.75e-5,0,0,0,0,0,0,4.6899999999999995e-5,0,0,0,0
s__Butyricimonas_paravirosa_SGB1785,0,0,0.0026008,0,0,1.121e-4,0,8.078e-4,1.416e-4,0,7.656000000000001e-4,0,0,0,0,0,0,0.0048415,0,0,0.0012257,0,0
s__Streptococcus_anginosus_SGB8028_group,0,0,7e-6,3.78e-5,0,1.86e-5,0,4.64e-5,0,0,0,1.03e-4,0,1.612e-4,0,0,0,0,0,0.0035905,3.524e-4,8.06e-5,0
g__Lachnoclostridium_SGB4598,0,2.12e-5,0,1.0300000000000001e-5,0,1.4e-6,0,0,0,0,0,0,0,0,0,0,0,0,0,0,3.87e-5,0,0
c__Clostridia_SGB15368,0,0,0,0.0458732,0,0,0,0,0,0,0,0,0,0,0,0,0,0,0.0021639,0,0,0.0037841999999999997,0.0018245
g__Faecalibacterium_SGB15346,0,0,0,0.0124067,0,2.095e-4,0.014607799999999999,0.016084499999999998,0.0148479,0,1.856e-4,0,0,0,0.014804,0,0,0,0,6.81e-5,0,5.515e-4,0.0037584000000000003
s__Trueperella_pyogenes_SGB17137,0,0,0,0,0,6.07e-5,0,2.45e-5,0,0,0,8.5e-6,0,0,8.400000000000001e-6,0,0,0,0,2.401e-4,5.384e-4,2.8e-6,0
s__Barnesiella_intestinihominis_SGB1965,0.0176421,0,0,0.008304,0,0.0058484999999999995,0,0.0086792,6.866999999999999e-4,0,0.0057916999999999995,0,0,0,0,0.0108154,0,0.016787,0.025842,0,0,0.0047521,0.0047478
g__Actinomyces_SGB17154,0,0,0,0,0,1.21e-5,0,1.251e-4,0,0,0,3.64e-4,0,0,0,0,0,2.83e-5,0,0,0,0,0
s__Enterocloster_clostridioformis_SGB4760,2.3290000000000002e-4,0.0098965,9.42e-5,0,6.004000000000001e-4,0,2.1069999999999997e-4,0,0,9.521999999999999e-4,0,1.2409999999999998e-4,0.003457,2e-5,4e-6,0,6.565999999999999e-4,0,0,2.68e-5,0.0015152,0,0
g__Actinomyces_SGB17167,0,1.8329999999999998e-4,0,5.3099999999999996e-5,0,1.2e-6,0,1.469e-4,3.2000000000000003e-6,0,0,1.0460000000000001e-4,4.2e-5,0,3.52e-5,0,0,0,0,0,0,0,0
s__Clostridium_scindens_SGB4630_group,6.883e-4,9.308e-4,5.28e-5,0,0,1.064e-4,0,0,0,0.0039822,0,2.96e-5,0.0085907999999999991,1.108e-4,0,0,0.0020379,4.8100000000000004e-5,3.6099999999999997e-5,0.0012774,0.001051,0,7.9e-6
s__Massilioclostridium_coli_SGB29305,1.4400000000000001e-5,1.209e-4,1.0399999999999999e-5,7.5e-6,1.281e-4,1.16e-5,2.82e-5,1.71e-5,0,0,4.1099999999999996e-5,6.2e-5,0,0,1.27e-5,7.24e-5,0,1.2600000000000001e-5,0,2.3800000000000003e-5,4.3369999999999997e-4,0,7.5e-6
s__Parabacteroides_johnsonii_SGB1948,0,0,0.004704900000000001,0,0,0,0.012054100000000002,0,0.0012787,0,0,0,0,0.007061,0,0.0072529,0,0,0,0,0,0,0
s__Phocaeicola_dorei_SGB1815,0,0,0.0774623,1.64e-5,0,4.6330000000000004e-4,0.08520509999999999,0.0021206,0,0.029321,0.0042985,0,0.0395055,0.0342637,0,0.0415981,0,0,0,1.613e-4,0.0031087,0,0
s__Lancefieldella_parvula_SGB969,0,2.5699999999999998e-5,0,0,0,0,0,7.1e-6,0,0,0,5.19e-5,0,0,0,0,0,0,0,2.9e-6,1.56e-5,1.8000000000000001e-6,0
g__Lachnoclostridium_SGB4774,0,8.420999999999999e-4,0,1.37e-4,0,1.238e-4,8.48e-5,0,0,0,1.71e-5,0,0,8.5e-6,0,1.64e-5,0,0,0,0,0,0,0
g__Actinomyces_SGB17168,3.25e-5,1.384e-4,0,0,0,0,0,0,7.14e-5,0,2.37e-5,2.47e-5,0,0,2.84e-5,0,0,5.8e-6,0,0,0,0,1.37e-5
s__Streptococcus_salivarius_SGB8007_group,7.2000000000000005e-6,3.877e-4,0.0014479,0.0025667,2.51e-5,2.6890000000000003e-4,1.022e-4,3.15e-5,3.375e-4,0,5.6e-6,0.0048868,0.0010283,4.046e-4,0.0036356,7.99e-5,0,4.551e-4,0.0017588999999999999,0.006110600000000001,0.050157600000000004,0.0043254999999999995,6.35e-5
s__Allisonella_histaminiformans_SGB5843,0,0,0,9.19e-5,0,2.2300000000000003e-5,0,1.6969999999999998e-4,0,0,0,0,0,0,0,0,0,0,0,0,0,0,0
g__Actinomyces_SGB17169,0,0,8e-6,2.553e-4,0,0,0,4.26e-5,0,0,0,0.0010396,1.853e-4,2.9299999999999997e-5,0,0,0,0,0,0,0,4.28e-4,0
s__Butyricimonas_faecihominis_SGB1786,0,0,0,0.0015589,0,1.5450000000000001e-4,0,0,0,0.0078371,0,0,0,0,0,0.0033942,0,0,0.0035405,0,0,0,0
s__Ruminococcus_torques_SGB4563_group,0,0.0048189,0.0071579,0.0037852000000000003,0,0,0.0025830999999999996,0.0035404000000000004,0.0069865,0,0.003306,0,0,0.0119651,0,0.0090233,0,0.0035469,0,5.581e-4,0,0.00211,5.386e-4
s__Parabacteroides_distasonis_SGB1934,0.018667800000000002,0,0.0060569,0.0034828,0,0.0111212,0.021510699999999997,0.0013213,0.0076618,0.0272065,0.0043726,0.0165054,0,0.0204538,0.0016003999999999999,0.005415100000000001,0.0176809,0.0236587,0.016143400000000002,0.0041056,0.0080711,7.249e-4,0.057680100000000005
g__Streptococcus_SGB8255_group,0,1.9e-6,0,0,0,1.1e-6,0,8.000000000000001e-7,0,0,0,0,1.59e-5,3.2000000000000003e-6,5.9e-6,0,0,3.25e-5,0,0,1.2899999999999998e-5,0,0
s__Lachnoclostridium_edouardi_SGB29433,1.6920000000000002e-4,0,0,0,0,0,1.7e-5,0,0,1.62e-5,0,3.17e-5,0,1.7319999999999998e-4,2.37e-5,0,8.5e-5,0,7.5e-5,0,0.0023645,0,0
s__Faecalicatena_fissicatena_SGB4871_group,0,0,0.0044166,0,0,0.008871200000000001,0.0015121000000000002,0.0103305,0.0014693999999999998,0,0.0010187,0,0,0,0,0,0,3.96e-5,0,0,0,5.16e-4,0
g__Intestinibacter_SGB6139,0,0,8.54e-5,0,0,0,0,0.0031203,0,0,0,0,0,0,0,0,0,0,0,1.6830000000000003e-4,0,1.319e-4,0
s__Faecalibacterium_prausnitzii_SGB15342,0.0033604,0,0.0637674,0.006555999999999999,0,0.0023044999999999997,0.027320700000000003,0.0188141,0.011904099999999999,0,0.0077922,0.0514572,0,0.0178957,0.0366695,8.283e-4,0,2.5590000000000004e-4,0.015771900000000002,0.0016358,1.7e-6,0.0295308,0.0108621
s__Faecalibacterium_prausnitzii_SGB15317,0,0,0,0.006029,0.0043168,0.0017907,0.0330079,0.012199400000000001,0.0165129,0,6.597e-4,8.263e-4,0,0,0,0.0011874,0,0.0015353,0,2.8490000000000004e-4,0,0.001363,0.0088801
s__Parabacteroides_goldsteinii_SGB1941,0,0,0,0,0,0,0,0,2.333e-4,0,6.249e-4,0,0.0029389999999999998,0,0,0.005365600000000001,0,0,0,0,0,0,0
s__Actinomyces_naeslundii_SGB15888,0,7e-7,0,0,0,1.53e-5,0,0,0,0,0,1.8e-5,3.81e-5,0,0,0,0,0,0,0,3.32e-5,0,0
s__Phocaeicola_vulgatus_SGB1814,0.0724278,0,0,0.0288774,0.0628574,0.0165151,0.0044609,0.025861900000000004,0.11659190000000001,0.035293700000000004,0.007269299999999999,0.0304744,0.07215970000000001,0.005963899999999999,0.11714909999999999,0.0332946,0.1764734,0.0238231,0.17686330000000003,0.11233710000000001,0.0089027,0.018311,0.0913771
s__Monoglobus_pectinilyticus_SGB4166,0,0,0,0.0010539,0,0,0,0,0,0.0018597,0,0,0.011577599999999999,1.1089999999999999e-4,0,0,0,0,0.0023835,0,0,0,0
f__Phyllobacteriaceae_SGB72433_group,0,0,0,0,0,0.0018254999999999999,0,0,3.43e-4,0,9.481e-4,0,0,0,2.547e-4,0,0,0,0,0,0,0,0
s__Lacticaseibacillus_paracasei_SGB7142,0,0,0,0,0,1.4999999999999998e-6,0.0018031,6.8e-6,0,0,0,0,0,0,1.6100000000000002e-5,0,0,0,0,5.017e-4,7.82e-5,1.1999999999999999e-5,2.31e-5
s__Lacticaseibacillus_rhamnosus_SGB7144,0,0.0033924,0,6e-7,0,0,0,3.1419999999999994e-4,0,0,0,0,0,0,0,0,0,1.53e-5,0,2.401e-4,1.136e-4,0,0
c__Clostridia_SGB4327_group,0,0,0,0.0078507,0,0.0109429,0,0.0067785,0.0427705,0,0,0,0,0,0,0,0,0,0,0,0,0,0
s__Negativibacillus_massiliensis_SGB14912,0,0,0,3.3e-6,0,2.483e-4,0,0,0,0,2.89e-5,0.01039,0,0,9.860000000000001e-5,0,0,0,0,1.9970000000000003e-4,0,0,0
f__Desulfovibrionaceae_SGB15459,0.0010434,0,0,2.097e-4,0,5.713e-4,0,9.769999999999999e-5,0,0,1.235e-4,0,0,0,0,0,0.0011968,0,0,0,0,0,0
s__Gordonibacter_pamelaeae_SGB14807,0,0.0024709,0,1.21e-5,0,0,4.3630000000000003e-4,0,0,9.090000000000001e-5,0,0,0,0,0,5.172e-4,0,9.052e-4,0,4.752e-4,0,3.3410000000000004e-4,2.3500000000000002e-5
s__Christensenella_timonensis_SGB29340,0,0,0,5.9e-6,0,7.699999999999999e-6,0,0,0,1.78e-5,0,0,0,0,0,0,0,0,0,0,0,0,0
s__Holdemania_filiformis_SGB4046,0.0012332999999999999,0,0,0,0,2.5059999999999997e-4,1.9e-6,6.76e-5,1.384e-4,0,2.929e-4,3.5779999999999997e-4,0,2.589e-4,1.1089999999999999e-4,1.785e-4,0.0010902000000000002,2.476e-4,0,2.4e-6,8.798e-4,0,8.999999999999999e-5
s__Intestinibacter_bartlettii_SGB6140,2.035e-4,1.449e-4,0.0022111,0,5.229000000000001e-4,0,0,0.0034739,0.0029973,3.42e-5,0,1.626e-4,0.0028964,0.0011905,1.76e-5,0,9.421e-4,0,7.133e-4,2.0979999999999998e-4,0,3.221e-4,0
s__Actinomyces_graevenitzii_SGB17130,0,0,0,0,0,1.62e-5,0,0,7.4e-6,0,0,2.9e-6,0,8.1e-6,4.0000000000000003e-7,0,0,0,0,0,0,0,0
s__Escherichia_coli_SGB10068,0,0.0079213,4.146e-4,3.5000000000000004e-5,4.0730000000000003e-4,3.89e-5,0,4.1e-4,3.59e-5,0.0014960000000000002,0,6.9e-6,0.014079,4.4990000000000004e-4,0,0.0040244999999999994,3.827e-4,8.69e-5,0,0,0,2.809e-4,7.616000000000001e-4
s__Fusicatenibacter_saccharivorans_SGB4874,0,0.0060536,0.0159778,0.0112486,0.028035,0.0062144,0.00179,0.013191,0.0138998,0,0.0133815,4.757e-4,0.0335927,0.0375644,0.0232328,0.010485199999999998,0,0.012072000000000001,0.0103265,0.0034599,0,0.0025333,0
s__Clostridium_leptum_SGB14853,1.1960000000000001e-4,0,5.6e-6,1.252e-4,0,4.805e-4,2.215e-4,2.434e-4,0,0.0010717,4.07e-5,0.002071,0,5.378000000000001e-4,0.0012348,4.8e-6,6.749e-4,5.17e-5,1.994e-4,4.366e-4,0.0020285,5.114e-4,0.0013409
s__Limosilactobacillus_fermentum_SGB7106,0,0,3e-7,2.852e-4,0,2.2100000000000002e-5,0,8.28e-5,0,0,0,0,0,9.28e-5,0,0,0,0,0,2.197e-4,0.0021494,0,0
s__Sutterella_wadsworthensis_SGB9283,0,0,0,0,0,0,0,0,0,0,1.744e-4,0,0,0,0.0126196,0.0093936,0,0,9.946e-4,0,0,0.0019627,0.0086585
s__Sutterella_wadsworthensis_SGB9286,0,0,0,0,0,0.0014696000000000002,0,0,0,0,0.0113933,0,0,0,0,0,0,0,0.004220499999999999,0,0,0,0
g__Lawsonibacter_SGB15125,0,0,0,0,0,0,1.331e-4,0,0,2.1989999999999998e-4,0,0,0,4.433e-4,0,0,0,0,0,0.0034300000000000003,0,0,0
s__Longicatena_caecimuris_SGB4041,7.8e-6,0.023182499999999998,0,0,0,0,0,0,0,0.0060017,0,3.281e-4,0,3.68e-4,0,0,0,0,8.9e-5,0.0162828,0.09627959999999999,0,0
s__Christensenella_massiliensis_SGB29339,0,0,0,0,0,9.900000000000001e-5,7.230000000000001e-5,0,0,0,2.18e-5,0,0,0,0,2.5e-6,0,4.98e-5,6e-5,0,0,0,0
s__Holdemania_massiliensis_SGB4044,0,0.0062309999999999996,0,0,0,4.6299999999999994e-5,0,0,0,7.419000000000001e-4,0,0,0,0,0,1.101e-4,0,0,1.442e-4,0,0,0,4.6e-6
s__Ruthenibacterium_lactatiformans_SGB15271,0.0084493,0.0017963999999999999,3.628e-4,5.476000000000001e-4,0.002432,0.0146357,0.0012596999999999999,2.881e-4,1.12e-5,0.0040232,0.0017075999999999999,0.0016544,0.008499600000000001,0.0013303000000000002,3.825e-4,9.228e-4,0.0020095,8.638999999999999e-4,7.963000000000001e-4,0.1087937,0.022871600000000002,0.0034860000000000004,7.978e-4
g__Lawsonibacter_SGB15131,0,0,3.596e-4,1.969e-4,0,3.049e-4,0.0018007000000000001,0,2.1000000000000002e-6,0,2.933e-4,0,0,0.0013877999999999998,0,3.19e-5,0,0,1.1e-6,0,0,0,0
s__Massilicoli_timonensis_SGB4026,0,0,0,0,0,0,0,0,0,9.11e-5,0,0,0,0,0,0,5.68e-5,0,0,0,0,0,0
s__Turicibacter_sanguinis_SGB6846,0,0,2.85e-5,0,0,0,0,2.514e-4,0,0,0,4.31e-5,1.18e-5,2.15e-5,0,0,0,0,0,2.59e-5,0,6.38e-5,0
g__Parasutterella_SGB9260,0,0,0,0,2.699e-4,0,0,3.095e-4,0,0,0,0,0,0,0,0,0.0118113,0.010220700000000001,0,0,0,0,0
s__Turicibacter_sanguinis_SGB6847,0,2.98e-4,2.878e-4,0,0,0,0,1.9480000000000002e-4,0,0,0,3.47e-5,0,1.086e-4,0,0,0,0,0,9.7e-6,0,0.001473,0
s__Mediterraneibacter_massiliensis_SGB4595,0,0,0,0,0,0,0,0,1.1900000000000001e-5,0,9.56e-5,0,0,0,0,3.7e-6,8.72e-5,1.918e-4,0,0,0,0,6.8e-6
f__Clostridiaceae_SGB4770,0,0,0,1.619e-4,0,0,0,1.081e-4,1.0200000000000001e-4,0,2.282e-4,0,0,0,1.199e-4,3.136e-4,0,2.5600000000000002e-5,3.276e-4,0,0,2.395e-4,3.2439999999999997e-4
f__Eubacteriaceae_SGB4546,0,0,0,0,2.583e-4,0,6.84e-5,2.229e-4,0,0,0,0,0,2.803e-4,0,0,0,0,0.021631499999999998,0,0,5.293e-4,0.001389
s__Phocaeicola_massiliensis_SGB1812,0.028780800000000002,0,0,0,0,0.0016818,0,0,0,0,0.014159,0,0,0,0,0,0,0,0,0,5.446e-4,0,0
f__Eubacteriaceae_SGB5043,0,0,0,0,0,0.0041168,6.472e-4,0,0,0.0014933,0,0,0,0,0.0067103,0,0,0.0014793,0,0,0,0,0
f__Clostridiaceae_SGB4721,0.0024806,0,0,3.251e-4,0,4.897e-4,0,0,4.2259999999999997e-4,0.001136,0.0010295,0.0020694000000000003,0,0.0017897,0.0032466,2.138e-4,0,0.005998,0.0016585,2.32e-5,0,0,4.366e-4
f__Peptococcaceae_SGB4053,0,0,0,0,0,0,0,0.0023581,4.49e-5,0,0,0,0,0,0,0,0,0,0,0,0,0,0.0010354
s__Acidaminococcus_intestini_SGB5736,0,0,0,0.0022866,0,3.1820000000000004e-4,0,0,0,0,0.0020188,0,0,0,0.0011312,0,0,0,0,0,0,0,0
f__Clostridiaceae_SGB7256,0,0,0,4.2000000000000004e-6,0,4.44e-5,0,0,0,0,0,0,0,1e-6,1.0300000000000001e-5,1.4400000000000001e-5,1.64e-5,4.01e-5,0,0,7.35e-5,0,0
s__Akkermansia_muciniphila_SGB9228,0,0.0174052,0,0,0,0,0.0051026000000000005,0,0,0,0,0,0,0,0,0,0,0.0028427,0,0.3691532,0.08504429999999999,0,0
s__Amedibacillus_dolichus_SGB4035,0,0.0011263,0,0,0,0,0,0,0,0,9.6e-6,0,0,0,2.202e-4,0,0,0,0,0,0,0,0
s__Akkermansia_muciniphila_SGB9226,0,0,0,0,1.73e-5,0.04662550000000001,0,0.011969,9.213e-4,0,0.0010892,0.010627200000000002,0,0.0679487,0.011558500000000001,0.0021695,4.833e-4,0,0,1.4e-5,0,0,0.0087885
f__Eubacteriaceae_SGB3958,0,0,0,4.1599999999999995e-5,0,2.82e-5,0,1.696e-4,0,0,0,0,0,0,2.501e-4,5.26e-5,0,0,4.64e-5,0,0,5.645e-4,0
f__Clostridiaceae_SGB4269,8.785999999999999e-4,0,0.0059087,0.0015254,0.0037107,0.0019999,9.772000000000001e-4,0.0065793,0.004915,5.803e-4,0.0038004,0.0040273,0,0.0022247,0.0042313,0.0027651,4.7999999999999994e-5,0.0036331000000000002,0.005637,4.989999999999999e-5,4.866e-4,5.974999999999999e-4,0.0025208
g__Anaerosacchariphilus_SGB4772,0,0,0,5.6e-5,0,1.11e-5,0,5.75e-5,2.12e-5,0,0,0,0,0,1.283e-4,0,0,0,0,0,0,1.723e-4,1.199e-4
s__Faecalibacterium_prausnitzii_SGB15332_group,1.9e-6,0,0.0402819,0.0173675,0.0335944,0.0017781,0,0.0081166,0.09229380000000001,0,8.373e-4,0.0093028,0,0.0129522,0.002912,0.027225799999999998,0,0.0292104,0,2.64e-4,0,0.0025191000000000002,0.0741692
s__Faecalibacterium_prausnitzii_SGB15318_group,0,0,0.0439869,0.0055595,0,0.0084759,0.0021789,0.009433200000000001,0.0354884,0,0.0025794,0.0016499,0,0.0061446999999999995,0.0170038,0.0307609,0,0.0054572,0,3.9899999999999994e-5,0,0.0075044,0.048500699999999994
g__Actinomyces_SGB17132_group,0,3.68e-5,0,0,0,0,0,4.8e-6,0,0,0,1.09e-5,3.9e-6,0,0,0,0,0,0,0,0,1.6100000000000002e-5,0
s__Mediterraneibacter_butyricigenes_SGB25493,0,0,0,1.7500000000000003e-4,0,0,0,1.5720000000000003e-4,8.4e-5,0,2.066e-4,0,0,2.061e-4,1.4000000000000001e-4,1.137e-4,0,3.681e-4,0,0,0,4.306e-4,0
s__Intestinimonas_gabonensis_SGB79840,1.092e-4,1.153e-4,1.752e-4,8.970000000000001e-5,0,3.37e-5,1.1089999999999999e-4,0,2.2e-6,9.19e-5,8.389999999999999e-5,1.1549999999999999e-4,0,2.1219999999999998e-4,2.89e-5,5.92e-5,1.01e-5,1.0580000000000001e-4,8.43e-5,0,0,9.79e-5,2.212e-4
s__Intestinimonas_timonensis_SGB29334,0,0,0,0,0.0015729000000000001,0,0,0,0,0,0,7.371e-4,0,0,2.4299999999999998e-5,0,0,1.8e-5,0,0,0,0,0
s__Faecalibacterium_prausnitzii_SGB15316_group,0.10564,0,0,0.012296499999999998,0,0.0029378,0,0.0176347,0.0337559,0,0.0012437,0.0043771,0,0.006589899999999999,0.0307484,0.0014037,0,5.05e-5,4.397e-4,1.001e-4,0,0.0221291,0.0514114
s__Klebsiella_pneumoniae_SGB10115,0,0,0,0,1.38e-5,0,0,0,0,0.0107433,0,0,0,0,0,0,0,0,0,1.747e-4,0,2.45e-5,0
s__Agathobaculum_butyriciproducens_SGB14993_group,0,0,0.0112867,0.0015593000000000002,0.0053941,0.0017929,0.0017005999999999998,0.0040494,0.0065868,0.004144800000000001,0.0049441,1.416e-4,0,0.0019263,7.352999999999999e-4,0.0015256,0,0.0017593,0,7.741000000000001e-4,0,7.499e-4,3.932e-4
g__Anaeromassilibacillus_SGB14894,0,3.601e-4,0,8.667999999999999e-4,1.5110000000000001e-4,6.916e-4,5.11e-5,3.04e-5,0,0,1.96e-5,0,0,0,1.7899999999999998e-5,0,0,0,0,0,0,0,5.2300000000000004e-5
s__Pseudoflavonifractor_capillosus_SGB15140,5.1200000000000004e-5,3.789e-4,0,7.38e-5,0,0,8.120000000000001e-5,0,0,0,1.1719999999999999e-4,2.3009999999999998e-4,0,0,0,0,0,0,0,0,0,0,0
g__Actinomyces_SGB15872,0,0,0,1.0300000000000001e-5,0,7.5e-6,0,1.6000000000000001e-6,0,0,0,0,0,0,0,0,0,0,0,0,3.175e-4,2.7499999999999998e-5,0
s__Massilistercora_timonensis_SGB4628,0,0,0,1.457e-4,0,7.036000000000001e-4,0,0,0,0,1.3e-4,0,0,0,0,0,0,0,0,0,0,0,0
f__Lachnospiraceae_SGB4750,9.768e-4,0,5.858e-4,1.406e-4,0.0010822,7.814e-4,6.403e-4,3.344e-4,4.056e-4,0,4.434e-4,0,0,9.321e-4,0.0011172,2.081e-4,0,1.476e-4,5.996e-4,0,0,3.309e-4,4.0239999999999997e-4
s__Eubacterium_siraeum_SGB4198_group,0,0,0,0.0086634,0,0.0384749,0.0418677,0.0163633,2.37e-5,7.928000000000001e-4,2.504e-4,0,0,0,0,0.0094708,0,0,0,2.47e-5,0,0,7.262000000000001e-4
f__Lachnospiraceae_SGB4957,0,0,0,0,0,0,0,0,0.0014586,0,0,0,0,0,0.008890799999999999,0,0,0,0,0,0,0,0.0017041
s__Bilophila_wadsworthia_SGB15452,0,0.009237,0,7.719e-4,0,0.0015351000000000002,0.0043158,3.238e-4,4.029e-4,0.0156034,4.433e-4,0,0,0.008343099999999999,0.0036529,0.0038402999999999996,0.005920999999999999,0.0066616,0.0021346,0,0.0122635,0.0027069999999999998,2.548e-4
f__Lachnospiraceae_SGB5200,0,0,0,1.7500000000000002e-5,0,7e-6,0,0,0,0,1.2999999999999998e-6,2.64e-5,0,0,3.2200000000000003e-5,2.49e-5,1.98e-5,8.18e-5,9.230000000000001e-5,0,0,0,0
f__Lachnospiraceae_SGB4781,0,0,0,0.0011534,0,0.0011276,0,0.0012436,1.711e-4,0,0.0011029,0,0,4.82e-4,0.001965,7.743e-4,0,3.433e-4,0.0025877,0,0,0.0014731,0.0015926000000000002
s__Intestinimonas_massiliensis_SGB15127,0,0.0142398,0.0027085,3.91e-5,0,2.638e-4,0.0016001000000000001,0,4.7e-6,4.147e-4,8e-6,0,0,6.69e-5,7.12e-5,0,0.0016664000000000002,1.2999999999999998e-6,0.0035537000000000003,7.170000000000001e-5,0,0,0
f__Lachnospiraceae_SGB4746,0,0,0,0,0,0,1.445e-4,0,0,0.0051364,1.0680000000000001e-4,0,0,0,0,0,0,0.0010815,0,0,0.0282047,0,0
f__Lachnospiraceae_SGB4597,0,5.0400000000000005e-5,0,5.65e-5,0,0,2.33e-5,0,0,0,0,0,0,0,6.02e-5,0,0,0,0,0,0,0,0
f__Lachnospiraceae_SGB4767,0,0,3.463e-4,3.352e-4,0,2.748e-4,0.0012094,6.827e-4,4.501e-4,0,8.315999999999999e-4,3.718e-4,0,0,5.585e-4,0.0022056999999999997,0,2.0109999999999998e-4,0,1.01e-5,0,1.32e-4,4.278e-4
f__Lachnospiraceae_SGB4963,0,0,0,3.51e-5,0,0,0,0,3.748e-4,0,2.693e-4,1.4e-5,0,0,0,0,0,0,0,0,0,0,2.246e-4
f__Lachnospiraceae_SGB4964,0,0,0,0.0013053000000000001,4.403e-4,8.151e-4,8.391999999999999e-4,0.0013641,7.609999999999999e-5,0.0012911,0.0020785,2.683e-4,0,3.6290000000000004e-4,0,0.002864,0.0010951,0.0011752,0.0044101,7.598e-4,0,0,1.158e-4
f__Lachnospiraceae_SGB4782,0,0,0,9.168e-4,0,0.0014611,0,6.433999999999999e-4,4.4000000000000006e-5,0,0,0,0,0.0015917000000000001,0,5.689e-4,0,1.931e-4,0.0045128,0,0,4.663e-4,0.0012228
f__Lachnospiraceae_SGB5060,0,0,0,2.434e-4,0,0,0,0,0,0,9.258e-4,0,0,0,0,0,0,0,0,0,0,0,7.666000000000001e-4
f__Lachnospiraceae_SGB4669,0,0,0,3.5549999999999997e-4,0,0,0,0.0010047,0.0011499,0,8.263e-4,0,0,0,0,0.0027475,0,0,0,0,0,5.396999999999999e-4,0.0021708
s__Gordonibacter_urolithinfaciens_SGB14808,0,0,2.278e-4,0,0,1.86e-5,0,1.0999999999999999e-4,0,1.7889999999999998e-4,0,3.094e-4,0,4.4909999999999997e-4,0,0,3.48e-4,7.08e-5,2.9780000000000003e-4,0,7.23e-4,0,0
f__Lachnospiraceae_SGB4771,0,0,0,0,0,0,0,6.502e-4,3.2230000000000003e-4,0,2.14e-5,0,0,0,0,0,0,0,5.026e-4,0,0,3.6110000000000005e-4,0
f__Lachnospiraceae_SGB4706,0,0,0.0011863,2.4219999999999998e-4,0,9.27e-5,0,9.551e-4,0.0018154,0,0,0,0,0,8.516999999999999e-4,0,0,4.6600000000000005e-4,0.0012363,8.45e-5,0,2.798e-4,0.0016797000000000001
f__Lachnospiraceae_SGB4817,0,0,0,0,0,2.374e-4,0,1.436e-4,0,0,8.6700000000000007e-05,0,0,0,0,0.0010394,0,0,0,0,0,1.207e-4,0
s__Bifidobacterium_longum_SGB17248,0.0011401,0,0.027566099999999996,0.0035241,0,0,0.0173142,0.015478,0,0,0.0016504,0.0053705,0.037151000000000003,0.0041332,0.0021287,3.875e-4,0,2.787e-4,0,0,0,0,0.0062553999999999995
f__Lachnospiraceae_SGB4722,0,2.91e-5,0,7.1e-6,0,5.09e-5,3.119e-4,0,0,0,0,0,0,0,0,0,0,0,0,0,0.0020809,0,0
f__Lachnospiraceae_SGB4780,0,0,0,8.657e-4,0.0022781999999999998,9.099e-4,3.118e-4,0.0015555,8.819e-4,0,6.818000000000001e-4,0,0,3.2550000000000005e-4,1.848e-4,6.099e-4,0,2.195e-4,7.276e-4,0,0,3.099e-4,0.003007
s__Alloscardovia_omnicolens_SGB17300,0,0,0,0,0,0,0,5.48e-4,0,0,0,0,2.8700000000000003e-5,0,0,0,0,0,0,0,0,0,0
f__Ruminococcaceae_SGB4184,0,0,0,0.0033794000000000003,0,1.584e-4,0.0032368,0,0,0,0.0118107,0,0,0,0,0,0.0081679,0,0,0,0,0,0
f__Lachnospiraceae_SGB4808,0,0,0,0,8.213e-4,0,0,0.0014051,0,0,0,0,0,0,0,0,0,5.537000000000001e-4,0,0,0,0,0
f__Lachnospiraceae_SGB4832,0,0,7.394000000000001e-4,0,0.0022570999999999997,0,0,0.0017124,0,0,0,0,0,0,0,0,0.0032053999999999997,5.01e-5,0,0,0,0.0028710999999999997,3.72e-4
f__Lachnospiraceae_SGB4594,0,0,0,2.68e-5,0,1.59e-5,0,0,0,0,0,0,0,2.9e-6,0,0,1.133e-4,0,2.81e-5,4.0499999999999995e-5,7e-6,0,0
s__Eubacterium_rectale_SGB4933_group,0.067935,0,0.0038474000000000004,0.0438995,0.0226201,6.17e-5,0.016845000000000002,0.0083236,0.0078786,0.0161472,0.0210833,3.1130000000000003e-4,0.0353252,0.0022222,0.0196135,0.006123,0,0.0188721,0.0017818999999999999,5.359e-4,0.0782919,0.0013629,0.0470685
f__Lachnospiraceae_SGB4648,0,0,0,0,0,0,0,0,0.0018265999999999998,0,0.0013711,0,0,0,0,0.0059792000000000005,0,0.0046994,0,0,0,0,0
s__Bifidobacterium_bifidum_SGB17256,0,0,0.0014304,0,0,0,0,0,0,0,0,0,0.0557463,0,0.0165112,0,0,0,0,0,0,0,0
s__Bifidobacterium_dentium_SGB17234,1.2e-6,0,2.087e-4,3.855e-4,0,0,0,0,0,0,0,0,5.21e-5,4.555e-4,0,0,0,0,0,0.0031569999999999997,9.849e-4,3.5799999999999996e-5,0
f__Ruminococcaceae_SGB15273,0,4.5670000000000004e-4,0,3.5300000000000004e-5,0,1.53e-5,0,0,0,0.009257300000000001,6.54e-5,0,0,0,9.690000000000001e-5,0,0,2.853e-4,1.82e-5,0,0,0,0
f__Ruminococcaceae_SGB15249,0,0,0,0.0040405,0.0019892,0.0070641,0.0209308,0.0041443999999999995,9.268999999999999e-4,0,0.0045838,0,0,0.012301200000000002,0,2.93e-4,0,0.0018851999999999999,0.0102537,0,0,0,0
f__Ruminococcaceae_SGB15356,0,0,0,0,0,0.0109782,0,0.0027191,3.19e-4,0,0,0,0,0,0,0,0,0,0,0,0,0,0
s__Coprobacillus_cateniformis_SGB6771,4.7000000000000004e-5,0,1.7500000000000002e-5,0,3.04e-5,0,0,0,0,0,0,0,4.124e-4,0,0,0,2.7e-6,1.2899999999999998e-5,0,0,0,0,0
f__Ruminococcaceae_SGB15272,0,0,0,1.5810000000000002e-4,0,1.42e-4,0,0,0,0,2.54e-5,6.693000000000001e-4,0,1.1000000000000001e-5,0,0,0,0,0,0.0036804,0,0.0025134000000000003,5.48e-5
f__Lachnospiraceae_SGB48024,0,0,0,1.4890000000000001e-4,0.0010056,1.25e-5,7.564999999999999e-4,2.529e-4,0,0,7.693e-4,0,0,0,0,0.002071,0,3.4040000000000003e-4,0,0,0,1.352e-4,0.0017184
f__Ruminococcaceae_SGB14906,0,0.0213387,0,0,0.0013081999999999998,0,6.33e-5,0,0,0,0,0,0,0,0,8.3e-6,0,0,0,0,0,0.0015154,0
f__Ruminococcaceae_SGB14899,0,0,0,5.49e-4,0,9.141e-4,5.677e-4,3.169e-4,4.7999999999999994e-5,0.0010293,7.392e-4,3.059e-4,0,1.992e-4,0,3.06e-5,1.122e-4,3.929e-4,3.4520000000000004e-4,0,0,0,0
f__Lachnospiraceae_SGB48424,0,0,0,0,5.945e-4,3.9e-5,0,0,0,0,0,0,0,0,3.94e-5,0,0,0,0,0,0,6.9e-5,0
f__Ruminococcaceae_SGB15278,0,0,0,7.14e-5,0,6.6e-6,0,0,0,0,0,0,0,0,0,0,0,0,0,0,0,0,0
g__Holdemania_SGB4045,0,0,0,2.08e-4,0,0,3.282e-4,0,0,0,0,0,0,9.11e-5,0,0,0,6.634e-4,0,0,0,0,0
s__Collinsella_aerofaciens_SGB14546_group,0.0032686,0,0.0081985,0.0094285,0,0.0331068,0.0024202,0.0160945,0.0033778999999999997,0,0.025597599999999998,0.033466499999999996,0,0.0216108,0.0189421,0.0026956999999999997,0,0.0075383,0.006877100000000001,0,0,0.0190984,0.004887
f__Ruminococcaceae_SGB14177,0,0,0,9.6e-6,0,0.0023704,5.462e-4,0,2.12e-5,0,0,0,0,0,0,0,0,0,0,0,0,0,0
f__Ruminococcaceae_SGB14925,0,0,0,1.71e-4,0,1.8180000000000003e-4,0,3.79e-5,0,0,0,0,0,0,0,0,0,0,0,0,0,0,0
f__Ruminococcaceae_SGB53515,0,2.249e-4,0,3.23e-5,0,1.961e-4,8.33e-5,9.3e-6,4.0000000000000003e-7,0,0,1.124e-4,0,0,0,0,3.02e-4,2.118e-4,0,0,0,0,1.52e-5
s__Bifidobacterium_animalis_SGB17278,0,5.957e-4,0.001209,3.04e-5,0,0,0,0.0011949999999999999,0,0,0,0,0,0,0,0,0,0,0,6.62e-5,0,0.0802198,0
s__Clostridium_methylpentosum_SGB14962,0,0,0,0,0,0,0,0,0,1.76e-5,0,1.2800000000000001e-5,0,2.41e-5,0,0,3.13e-5,2.1000000000000002e-6,0,0,0,0,0
g__Solobacterium_SGB6833_group,0,2.31e-5,2.0000000000000002e-7,0,0,5e-7,0,4.2000000000000004e-6,0,0,0,0,0,0,0,0,0,0,0,0.002153,0,2.9999999999999997e-6,0
g__Actinobaculum_SGB15892,0,0,0,0,0,6.54e-5,0,0,0,0,0,0,6.9e-5,0,0,0,0,7e-6,0,0,0,0,0
s__Isoptericola_variabilis_SGB17153_group,0,7.48e-5,1.7e-6,6.819999999999999e-5,0,0,0,1.874e-4,4.9500000000000004e-5,0,8.9e-6,1e-6,7.37e-5,2.8700000000000003e-5,4.74e-5,0,0,6.3e-5,0,0,2.52e-4,4.2999999999999995e-6,1.47e-5
s__Adlercreutzia_equolifaciens_SGB14797_group,6.941e-4,0,0,5.484e-4,0.0093002,0.0013764,8.526e-4,0.0012855,2.903e-4,0,5.861e-4,7.94e-4,0,0.0024240999999999998,0.0025623,9.223e-4,0.0064623,0.008202599999999999,0,1.0630000000000001e-4,0,8.240999999999999e-4,0
g__Pseudoflavonifractor_SGB15156_group,0,1.2999999999999998e-6,8.743e-4,5.1000000000000006e-5,0,9.61e-5,0,0,0,6.06e-5,2.63e-5,0,0,0,0,0,0,0,1.601e-4,0,0,0,0
f__Ruminococcaceae_SGB15286,0,0,0.0041556,0.009115400000000001,0,0.0046172999999999995,0.0271631,0.0381981,0.0021524,0,0.0046258,0.0120791,0,0.0313643,0.0027522000000000002,0.0223587,0,0.0095115,0.0178745,0.0013321,0,0.0105144,0.0042531
s__Hydrogeniiclostidium_mannosilyticum_SGB14890,1.0439999999999999e-4,0,6.64e-5,0,0.0013555,0,0,0,0,2.2000000000000003e-5,0,4.428e-4,0,0,1.4999999999999998e-6,0,0,8.69e-5,0,0,1.9050000000000002e-4,0.001628,2.51e-5
s__Emergencia_timonensis_SGB3970,0,0,0,0,0,0,0,0,0,8.726000000000001e-4,0,2.3810000000000001e-4,0,0,1.782e-4,0,0,0,1.86e-4,0.0016504,5.762e-4,0,0
s__Haemophilus_parainfluenzae_SGB9712_group,7.1e-6,4.686e-4,0.008154,2.801e-4,2.44e-5,2e-6,0,5.48e-5,0.0010589,0,0,3.6859999999999996e-4,0,0,6e-5,1.133e-4,0,0,0,1.2999999999999998e-6,0,8.1e-6,4.35e-5
s__Mediterraneibacter_glycyrrhizinilyticus_SGB4606,0.0014504000000000001,0,1.829e-4,0,0,2.98e-5,1.56e-5,0,0,0,1.13e-4,3.148e-4,0,2.217e-4,7.556e-4,2.32e-5,0,2.843e-4,0,3.06e-5,0.0033195000000000004,0,1.47e-5
f__Ruminococcaceae_SGB14960,0,0,0,8.01e-5,0,0.0010607,2.0920000000000002e-4,0,0,0,5.92e-5,0,0,0,0,0,3.9010000000000005e-4,9.520000000000001e-5,1.31e-4,0,0,0,0
s__Citrobacter_freundii_SGB10083_group,0,0,0,0,0,0,0,0,0,0,0,0,3.486e-4,0,0,0,0,0,0,0,0,0,9.5e-6
f__Clostridiaceae_SGB14839,0,7.79e-5,0,0,0,1.3230000000000002e-4,3.68e-5,0,0,0,0,0,0,0,0,0,0,0,0,0,0,3.816e-4,0
s__Faecalibacillus_intestinalis_SGB6754,0,0,0,2.7499999999999998e-5,0,0,0,0.0020609,0.0029603000000000003,0,0.0019086,0,0,0.0036381,0.007359599999999999,0.0034372,0,0,0,0,0,9.034000000000001e-4,0.0055769
s__Intestinimonas_butyriciproducens_SGB15126,0.001946,3.597e-4,3.977e-4,0,7.442999999999999e-4,8.68e-5,4.963e-4,0,1.183e-4,5.052e-4,2.7000000000000002e-5,0.0010096,0,7.274e-4,7.609999999999999e-5,4.83e-5,0.0032984999999999998,2.883e-4,2.855e-4,0,0,0,2.582e-4
g__Massilimicrobiota_SGB6768,0,7.400000000000001e-5,6.9e-6,3.39e-5,0,0,0,0,0,6.440000000000001e-5,0,0,0,0,0,0,2.2909999999999999e-4,0,0,0,3.7519999999999996e-4,1.4409999999999998e-4,0
f__Clostridiaceae_SGB25547,5.05e-5,0,3.1669999999999995e-4,0,0,3.43e-5,0,0,0,0,0,0,0,0,0,0,0,0,0,0,0,0,0
s__Campylobacter_gracilis_SGB19300,0,2.875e-4,0,0,0,0,0,0,0,0,0,1.82e-5,0.0034639,0,0,0,0,0,0,0,0,0,0
f__Eubacteriaceae_SGB4682,0,0.0013026,0,0,0,0,0,0,0,3.5e-6,0,0,0.0160042,0,0,0,0,0,0,0,0,0,0
s__Parasutterella_excrementihominis_SGB9262,0.0038268,0,0.0092231,0.0015206,0,1.2800000000000001e-5,8.758e-4,0,7.39e-5,0,1.249e-4,0,0,0.0011099,0.0011524,1.7319999999999998e-4,0,0,3.306e-4,0,0,8.53e-5,9.34e-5
s__Clostridium_spiroforme_SGB6747,1.43e-4,9.346000000000001e-4,1.6109999999999999e-4,1.59e-5,0,2.3249999999999999e-4,0,8.77e-5,0,0,7.64e-5,1.139e-4,6.121e-4,2.6179999999999997e-4,0,0,0,0,1.592e-4,0,4.1e-6,0,3.718e-4
s__Faecalicoccus_pleomorphus_SGB6791_group,0,0,0,0,0,3.6409999999999996e-4,0,0,0,0,0,0,0,0,0,0,0,0,0,0,0,0,5.19e-5
f__Clostridiaceae_SGB4768,0,0,0,4.2520000000000004e-4,0,5.969e-4,0.00088539999999999995,1.583e-4,3.073e-4,0,0.0015078,0,0,0,4.3069999999999995e-4,2.656e-4,0,3.25e-4,0,6.300000000000001e-6,0,7.768e-4,3.103e-4
s__Mesosutterella_multiformis_SGB9272_group,0,0,0,0,0.017148300000000002,0,0,0.0021738,0,0,0,0,0,0,0,0,0,0,0,0.0061248000000000006,0,0,0
s__Bifidobacterium_adolescentis_SGB17244,0,0,0,0.0165187,0,0.016419299999999998,0,0,0,0,0.0059528,0.0347245,0,0,0,0,0.023529900000000003,0,0.0056115,0,0,0,1.1650000000000001e-4
s__Phascolarctobacterium_faecium_SGB5792,0.0126156,0,0.0060765,0.001168,0,0.0071741,0.0092613,6.469e-4,0,0,0,0.0058496,0,0,0.012302,0.003212,0,0.0088699,0,0,0.0209206,1.6570000000000002e-4,0
s__Massilimicrobiota_timonensis_SGB6767,0,5.874e-4,3.9579999999999997e-4,0,0,0,0,0,0,0,0,0,0,0,0,0,0,0,0,0,0,3.861e-4,0
s__Mogibacterium_diversum_SGB3922,0,4.6e-6,0,0,0,1.71e-5,0,1.9e-5,0,0,0,0,3.74e-5,0,0,0,0,0,0,0,7.950000000000001e-5,0,0
c__Clostridia_SGB3992,0.0025304999999999998,0,0,3.73e-5,0,0,0.0017613000000000001,0,0,0,3.497e-4,0.0065342,0,0,0,0,0,0,0,0,0,0,0
f__Lachnospiraceae_SGB82502,0,0,0,7e-7,0,1.2899999999999998e-5,0,0,0,0,0,4.96e-5,0,3e-5,0,0,1.652e-4,0,1.5e-5,0,0,0,0
c__Clostridia_SGB3989,0,0,0,0,0,3.907e-4,0,3.497e-4,2.4219999999999998e-4,0,0,0,0,0,0,0,0,0,0,0,0,0,0
f__Lachnospiraceae_SGB25431,1.002e-4,3.084e-4,0,4.43e-5,1.6979999999999998e-4,3.2980000000000005e-4,1.5209999999999998e-4,2.5300000000000002e-5,1.7e-5,2.1510000000000002e-4,1.9e-5,1.56e-4,9.984e-4,5.79e-5,3.56e-5,1.5709999999999997e-4,4.205e-4,6.819999999999999e-5,1.6e-4,1.059e-4,7.809000000000001e-4,1.1089999999999999e-4,1.2299999999999999e-5
c__Clostridia_SGB3952,0,0,0,2.1899999999999998e-4,0,6.69e-5,0,0,0,0,4.3119999999999996e-4,0,0,0,0,3.03e-5,0,0,1.845e-4,0,0,0,0
c__Clostridia_SGB4394,0,0,0,1.693e-4,0,1.329e-4,0,0,0,0,1.63e-5,0,0,0,0,6.21e-5,0,0,0,0,0,0,0
o__Clostridiales_SGB15158,0.0030596,0.0054928,0,1.1900000000000001e-5,3.56e-5,2.438e-4,8.973000000000001e-4,0,0,0.0055584,5.95e-5,0.0070045,0,0,3.989e-4,6.54e-5,0,0.002754,0,0.0017751,3.9e-5,0,5.794e-4
c__Clostridia_SGB3993,0,4.117e-4,0,0,0,5.500000000000001e-6,0,0,0,0,0,0,0,0,0,0,0,0,0,0,0,0,0
c__Clostridia_SGB3988,0,0,0,8.671e-4,0,6.91e-5,0,0,5.8399999999999997e-5,0,5.242000000000001e-4,0,0,0,9.768e-4,3.92e-4,0,0,1.974e-4,0,0,0,0
c__Clostridia_SGB4531,0,2.086e-4,0,1.09e-5,0,2.34e-5,2.3e-6,0,0,0,0,1.69e-5,0,0,0,0,3.78e-5,2.3500000000000002e-5,0,0,0,0,0
c__Clostridia_SGB3961,8.28e-5,0,0,0,0,0,0,0,0,0,5.4000000000000005e-5,0,0,1.676e-4,0,0,0,0,0,0,0,0,7.29e-5
c__Clostridia_SGB4365,0,0,0,0,0,0.0187759,0,0,2.31e-5,0,0.037800099999999996,0,0,0,0,0,0,0,0,0,0,0,0
c__Clostridia_SGB3574,0,0,0,3.6609999999999995e-4,0,0,0,1.0779999999999999e-4,0,0,1.449e-4,1.449e-4,0,4.7000000000000004e-5,1.9290000000000003e-4,1.48e-5,0,5.335e-4,0.0051674,0,0,2.794e-4,0.0011287
c__Clostridia_SGB3969,0,2.07e-5,0,3.77e-5,0,1.84e-5,0,0,0,0,5.24e-5,0,0,0,0,0,1.327e-4,0,0,0,0,0,0
f__Lachnospiraceae_SGB47656,0,0,0,0,0,0,0,4.2199999999999996e-5,0,0,0,0,0,0,0,1.374e-4,0,0,0,0,0,3.49e-4,0
c__Clostridia_SGB4438,0,0,0,0,0,4.7e-6,0,1.93e-5,0,0,0,0,0,0,0,0,0,3.26e-5,0,4.011e-4,0,0,0
o__Clostridiales_SGB15143,7.427e-4,0,0,2.552e-4,5.936e-4,3.529e-4,0.0011944,0,1.244e-4,0.0013174,7.442e-4,0.0015146,0,7.094e-4,0.0010136000000000001,6.383e-4,0.0019573999999999998,9.350999999999999e-4,5.011e-4,0,6.4000000000000006e-6,0.0010604,3.461e-4
c__Clostridia_SGB5184,0,5.663e-4,0,0,0,1.353e-4,4.446e-4,0,0,0,3.09e-5,6.67e-5,0,0,5.092e-4,0,7.93e-4,4.215e-4,0,2.08e-4,1.338e-4,0,0
c__Clostridia_SGB3957,0,0,0,4.465e-4,0,6.374000000000001e-4,1.67e-4,6.406000000000001e-4,2.15e-5,0,6.11e-4,2.623e-4,0,1.898e-4,5.066e-4,1.036e-4,0,4.5379999999999997e-4,2.0920000000000002e-4,0,0,0.0011601,1.087e-4
s__Desulfovibrio_piger_SGB15467_group,0,0,0,0,0,0,0,0,5.794e-4,0,0.0059226,0,0,0,0,0,0,0.0044754,0.0063662,0,0,0,0
c__Clostridia_SGB5180,0,0,0,4.1099999999999996e-5,0,0,0,8.91e-5,0,0,0,0,0,0,0,1.0149999999999999e-4,0,0,0,0,0,0,0
c__Clostridia_SGB3940,0,0,0,0,0,6.7e-5,0,3.424e-4,0,0,0,0,0,0,0,0,0,0,0,0,0,0,0
f__Clostridiaceae_SGB4769,0,0,0,3.2419999999999997e-4,0,0,0,2.937e-4,1.506e-4,0,3.549e-4,0,0,0,0,0,0,2.744e-4,0,0,0,3.603e-4,1.408e-4
c__Clostridia_SGB53517,0,0,0,1.113e-4,7.001e-4,7.574999999999999e-4,1.88e-5,1.304e-4,0,7.1e-5,2.843e-4,6.249e-4,0,4.235e-4,1.637e-4,2.776e-4,4.868e-4,9.117999999999999e-4,7.84e-5,0,0,0,0
c__Clostridia_SGB15374,0,0,0,0.0050885999999999995,0,0,0,0,2.3040000000000002e-4,0,0.0037746000000000004,0,0,0,0.0013533,0.0015834999999999998,0,0,0,0,0,0.0019925999999999998,0
c__Clostridia_SGB15370,0,0,0,2.429e-4,0,0,0,4.829e-4,0,0,4.811e-4,0,0,0.0030340000000000002,6.29e-4,0.0012966,0,0,0,0,0,0.0030031000000000003,0.0029392000000000003
c__Clostridia_SGB14043,0,0,0,0,0,3.416e-4,0,0,0,0,9.782e-4,0,0,0,0,0,0,0,1.1599999999999999e-4,0,0,0,0
c__Clostridia_SGB15383,0,0,0,0,0,0,0,4.6280000000000003e-4,1.108e-4,0,9.350000000000001e-5,0,0,0,3.104e-4,0,0,0,0,0,0,0.0019406,0
c__Clostridia_SGB14311,0,0,0,0,0,0,0,0.0020299,0,0,8.213e-4,0,0,0,0,0,0,0,0,0,0,0.0030668,0
c__Clostridia_SGB14862,0.0095412,0,0,0,0,0,0.0018051,0,0,0.0013034000000000001,0,9.504e-4,0,0.00069360000000000005,0.0015856000000000002,0,0,0,0,0,0,0,0
c__Clostridia_SGB15390,0,0,0,0.0024534,0,0.0087729,0,0,0,0,0.0010295,0,0,0,0,6.14e-5,4.43e-5,0,1.684e-4,0,0,0,0
c__Clostridia_SGB14857,0,0.0334681,0,0,0,0,0,0,0,0.0400597,0,0.0609238,0,0,1.59e-5,0,2.5780000000000003e-4,0,0,0,0,0,0
f__Ruminococcaceae_SGB14974,0,0,0,6.26e-4,0,6.19e-5,8.482e-4,1.198e-4,0,0,2.73e-5,0,0,0,0,0,0,0,0,0,0,4.879e-4,8.7e-6
c__Clostridia_SGB14182,0,0,0,0,0,6.189e-4,0,0,0,0,0,0,0,0,0,3.122e-4,0,0,0,0,0,0,0
c__Clostridia_SGB15382,0,0,0,2.288e-4,0,0,0,0,0,0,2.945e-4,0,0,0,0,0,0,0,8.312e-4,0,0,0,0
c__Clostridia_SGB15373,0,0,4.3979999999999996e-4,0,0,0,0,0.0012656,1.076e-4,0,0.0017607,0,0,3.096e-4,0,6.29e-5,0,0,0,0,0,9.404e-4,0
c__Clostridia_SGB13981,0,0,0,0,0,1.035e-4,4.995e-4,0,0,0,7.47e-5,0,0,0,0,1.556e-4,0,2.417e-4,0,0,0,0,0
c__Clostridia_SGB15389,0,0,0,0,0,1.7e-6,0,1.2999999999999998e-6,0,0,7.08e-5,0,0,0,0,0,0,0,4.305e-4,0,0,0,0
c__Clostridia_SGB14854,0,0,0,1.616e-4,0,5.5900000000000004e-5,1.71e-5,0,0,1.38e-5,3.62e-5,1.221e-4,0,0,5.5900000000000004e-5,0,1.513e-4,1.551e-4,3.898e-4,4.122e-4,0,1.95e-4,0
c__Clostridia_SGB14250,0,0,0,6.171e-4,0,2.289e-4,0,0,0,0,6.36e-5,0,0,0,0,0,0,0,0,0,0,0,0
c__Clostridia_SGB17347,0,0,0,5.013999999999999e-4,0,2.82e-5,0,0,0,0,5.69e-5,0,0,0,0,0,0,0,0,0,0,0,0
c__Clostridia_SGB15395,0,0,0,0.0015845999999999998,0,0,3.86e-4,1.0059999999999999e-4,0,0,0.0016528,0,0,0,0,0,0,0,0,0,0,0.0019981,0
c__Clostridia_SGB13983,0,0,0,0.001082,0,0,0,0,0,0,7.74e-5,0,0,0,6.486e-4,0,0,1.88e-5,0,0,0,4.373e-4,0
c__Clostridia_SGB14263,0,0,0,0,0,3.07e-5,0,1.351e-4,0,0,2.347e-4,0,0,0,0,7.26e-5,0,0,0,0,0,0,0
s__Senegalimassilia_anaerobia_SGB14824_group,0,0,0,6.749e-4,0,0,0,0.0037765999999999997,0,0,0,0,0,0,0,0,0,0,0,0,0,0,3.411e-4
c__Clostridia_SGB14874,0.007239799999999999,0.0059119,0,0,0,0,0,0,0,0.0033565,0,0,0,0,0,0,0.006285300000000001,0,0,0.0046348,0.014187799999999999,0,0
c__Clostridia_SGB14863,0,0.002039,0,0,0,0,0,0,0,0,0,0,0,0,0,0,0,0,0,0,0,0,0.0039573
s__Clostridium_saccharogumia_SGB6749,0,0,0,0,2.37e-5,0,0,0,0,0,0,0,0,0,8.609999999999999e-5,4.723e-4,0,8.460000000000001e-5,0,0,0,0,0
c__Clostridia_SGB14954,0,0,0,0,0,0.0037809,8.744e-4,0,0,0,0.0011923,0,0,0,0,0,0,0,3.34e-4,0,0,0,0
c__Clostridia_SGB14932,0,0,0,2.3689999999999998e-4,0,0,7.557e-4,3.67e-5,0,0.0015087999999999998,1.25e-5,0.0016901,0,0,0,2.5600000000000002e-5,1.285e-4,0.0033612,0,0,0,0,8.14e-5
c__Clostridia_SGB14307,0,0,0,1.8769999999999998e-4,0,0,0,0,0,0,1.399e-4,0,0,0,0,1.864e-4,0,0,0,0,0,0,0
c__Clostridia_SGB19227,0,0,0,0,0,0,4.9e-6,0,0,0,0,1.2529999999999998e-4,0,0,0,0,0,0,0,0,0,0,0
c__Clostridia_SGB14252,0,0,0,0,0,1.9e-6,0,1.54e-4,0,0,2.736e-4,0,0,0,0,0,0,0.00122,0,0,0,0,0
c__Clostridia_SGB15401,0,0,0,6.29e-5,0,4.6269999999999997e-4,0,0,0,0,2.9199999999999998e-5,0,0,0,0,0,0,0,0,0,0,0,0
c__Clostridia_SGB13982,0.0026559,0,0,0.0034736,0,0,0,7.77e-5,3.67e-5,3.8940000000000003e-4,2.01e-5,0,0,4.1799999999999997e-4,0,2.008e-4,0,6.286e-4,0,0,0,0,6.08e-5
c__Clostridia_SGB54300,0,0,0,0,0,1.9800000000000002e-4,2.65e-4,0,0,0,0,0,0,0,0,0,0,0,0,0,0,0,0
c__Clostridia_SGB14861,0,0,0,0.009158300000000001,0,0.0099486,0,0.0043923,3.27e-4,0,0.0015129000000000002,0,0,0,0,0.0021271000000000003,0.0563469,0.0020428,0.009472699999999999,0.0110333,0.015285100000000001,0.008244399999999999,0
c__Clostridia_SGB53497,2.7e-4,1.465e-4,0,9.180000000000001e-5,0,1.47e-4,7.2999999999999996e-6,2.2100000000000002e-5,0,4.2029999999999997e-4,7.82e-5,0.0017296,0,0,0,9.4e-6,3.612e-4,2.145e-4,1.254e-4,0,0.0013137,6.4000000000000006e-6,0.0037459999999999998
c__Clostridia_SGB14937,0,2.593e-4,0,0.0015367,0.0011945999999999999,1.391e-4,0.0010628,1.215e-4,1.95e-5,0.00017069999999999998,6.722e-4,6.533999999999999e-4,0,7.21e-5,0.0036558000000000003,7.13e-5,1.515e-4,0.0067767,0,5.011999999999999e-4,0,1.137e-4,3.9e-6
c__Clostridia_SGB14892,0,0,0,4.3589999999999997e-4,0,9.12e-4,0,0,0,0,2.883e-4,0,0,0,0,0,0,0,0,0,0.0016178,0,0
c__Clostridia_SGB14253,0,0,0,0.001031,0,6.481000000000001e-4,0,6.286e-4,0,0,0,0,0,0,0,0,0,0,0,0,0,6.983e-4,0
c__Clostridia_SGB14845,0,0.002103,0,0,0,0,0,0,0,0,0,0,0,0,3.627e-4,0,0,0,0,0,0,0,0.002867
s__Clostridium_innocuum_SGB4037_group,7.76e-5,0.0021823999999999997,5.3899999999999996e-5,0,9.165e-4,7.2999999999999996e-6,2.07e-5,0,0,3.52e-5,0,1.6240000000000002e-4,0.0022909,2.279e-4,5.199999999999999e-6,0,3.019e-4,1.4659999999999999e-4,0,8.175000000000001e-4,6.221e-4,3.136e-4,0
f__Lachnospiraceae_SGB4893,0,0,0,1.6100000000000002e-5,0,0,9.59e-5,3.54e-5,1.49e-5,0,4.48e-5,0,0,0,3.1e-5,0.004074400000000001,0,0,0,0,0,0,5.715e-4
s__Desulfovibrio_desulfuricans_SGB15463,0,0,0,0,0,0.0014853,0,3.72e-5,0,0.0018529999999999998,0,0,0,0,0,0,0,0,0,0.006745299999999999,0,0,0
f__Eggerthellaceae_SGB14334,0,0,0,0,0,0,0.0012697,0,0,0,1.5100000000000001e-5,0,0,0,0,0.0028406,0,0,0,0,0,0,0.0031352999999999997
f__Eggerthellaceae_SGB14794,0,0,0,0,0,0,0,0,0,0,0,0,0,0,0,0,0,0,0,0,0,0.001392,0.001609
f__Lachnospiraceae_SGB4894,0,0,0,3.94e-5,0,1.355e-4,0,1.512e-4,0,0,5.77e-5,0,0,0,0,0.002152,0,0,0,0,0,0.0013275000000000001,0
s__Bifidobacterium_pseudocatenulatum_SGB17237,0,0,0,3.65e-5,0,0,3.024e-4,0,0,0,0,0.012540899999999999,0,0,0,5.313e-4,0,0,0,0,0,0.0355729,0
f__Lachnospiraceae_SGB4882,0,0,0,0,0,0,5.371e-4,0,0.0014782,0,0,0,0,0,0,0,0,0,0.0038732,0,0,0,0.0027824
c__Clostridia_SGB14941,0,0,0,4.38e-5,0,5.49e-5,6.7e-6,5.9800000000000003e-5,0,0,1.43e-5,7.595000000000001e-4,0,1.4e-6,6.59e-5,0,9.8e-5,4.6760000000000004e-4,1.804e-4,0,0,0,2.603e-4
f__Ruminococcaceae_SGB4191,0,0,0,0,0,0,0.0020873,0.0011809,0,0,0,0,0,0,0,0,0,0,0.0024102,0,0,0,0
f__Oscillospiraceae_SGB82503,0,0,0,9.429999999999999e-5,0,1.64e-5,0,6.6e-6,0,1.9e-6,9.9e-6,0,0,0,0,0,0,1.11e-5,0,0,0,0,0
f__Christensenellaceae_SGB3813,0,0,0,1.263e-4,0,2.5e-5,8.16e-5,0,0,0,7.979999999999999e-5,3.92e-5,0,1.94e-5,3.31e-5,3.78e-5,0,5.89e-5,2.731e-4,1.635e-4,0,1.12e-5,0
s__Methanobrevibacter_smithii_SGB714_group,0,0,0,0.0030906,0,0.0128629,4.889e-4,0,2.4e-6,0,0.0039825,0,0,0,0,8.81e-5,0,0,9.526e-4,0,0,0,0
o__Clostridiales_SGB72833,0,0,0,0,0,2.86e-5,0,1.42e-5,0,0,1.6439999999999998e-4,0,0,0,0,0,0,0,0,0,0,0,0
f__Ruminococcaceae_SGB15236,0,0,0,0.0103026,0,0.0079935,0,4.3599999999999997e-4,7.4e-6,0,0.0207279,0,0,0.001807,0,0,0,0,0,0,0,0.0242571,0
f__Ruminococcaceae_SGB15260,0,0,0,0.0227005,0,0.0359053,0,0.0014946999999999998,0,0,0,0,0,0,0.0070514,0.0025039,0,0,0,0,0,0.0078601,0
f__Ruminococcaceae_SGB15257,0,0,0,9.046e-4,0,0,0,6.305e-4,0,0,0,0,0,0,0,0,0,0,0,0,0,0,0
f__Ruminococcaceae_SGB15234,0,0,0,0,0,0.0174849,0.0056846,0.005939600000000001,0,0,0.0033606,0,0,0,0,0,0,0,0.0149201,0,0,0,1.24e-5
f__Ruminococcaceae_SGB15233,0,0,0,0.0028509,0,2.97e-4,0,3.35e-4,0,0,9.101e-4,0,0,0,0,5.515e-4,0,0,0,0,0,0,0
f__Lachnospiraceae_SGB66069,0,1.111e-4,0,0,0,0,0,0,0,0,0,0,0.0012481,0,0,0,0,0,0,0,0,0,0
f__Christensenellaceae_SGB14127,7.01e-5,0,0,1.401e-4,0,2.226e-4,1.959e-4,3.69e-5,0,1.0059999999999999e-4,2.65e-5,4.553e-4,0,9.1e-5,4.83e-5,1.87e-5,0,1.669e-4,1.887e-4,0,0,1.052e-4,4.2999999999999995e-6
s__Erysipelatoclostridium_ramosum_SGB6744,0.0012389999999999999,0.0039034,9.14e-4,0,6.701e-4,7.194e-4,0.0010248,0,0,0.0014721,0,0,0.0011236,0,0,0,0.0027624,0,2.393e-4,1.406e-4,0.02038,4.1200000000000005e-5,3e-7
f__Lachnospiraceae_SGB4910,0,0,1.096e-4,0.0057997,0,0,0,0.0055715,4.97e-4,8.939e-4,7.96e-5,0,0,0,0.0066646000000000006,0,0,3.054e-4,4.434e-4,0,0,0.0065454,0.0279001
c__Clostridia_SGB7259,0,1.077e-4,0,6.7e-6,0,0,1.25e-5,0,0,1.4999999999999998e-6,1.0899999999999999e-4,0,0,0,0,0,0,9.49e-5,1.9e-5,0,0,0,0
o__Clostridiales_SGB4436,0,0,0,5.92e-5,0,4.352e-4,0,0,0,0,3.4e-5,6.114e-4,0,0,0,0,0,0,0,0,0,0,0
o__Clostridiales_SGB72336,0,0,0,6.06e-5,0,1.004e-4,0,1.22e-5,0,0,7.34e-5,0,0,0,0,2.1000000000000002e-6,0,0,0,0,0,0,0
s__Propionibacterium_freudenreichii_SGB15904,0,0,0,0,0,0,0,3.093e-4,0,0,0,0,3.2169999999999996e-4,0,0,0,0,0,0,0,1.17e-5,0,0
o__Clostridiales_SGB15149,0,0,0,5.3899999999999996e-5,0,5.42e-5,0,0,0,0,5.6e-5,0.0049207,0,4.1700000000000004e-5,0.0043425,0,0.009064299999999999,0,0,0,0.0010632,0,0
o__Clostridiales_SGB4763,0,0,0,0,0,6.879999999999999e-5,0,0,0,0,0,1.554e-4,0,1.147e-4,8.1e-6,0,0.0022772,6.1e-6,1.37e-4,1.07e-5,0.0021466,1.77e-5,0
f__Ruminococcaceae_SGB4425_group,0,0,0,0,0,0,0,0,0,0,0,0,0,0.0031696999999999997,0,0,0,0,0.0041181,0,0,0.0020425,0.0018962
c__Alphaproteobacteria_SGB9340,0,0,0,0,0,0,0,0,0,0,0,0,0,0.0053764,0,0.0796502,0,0.0092307,0,0,0,0,0
c__Clostridia_SGB4447,0,0,2.22e-5,0,0,0,0,2.511e-4,0,0,0,0,0,0.0013442,0,0.0043424,0,0,0,0,0,0,0
c__Clostridia_SGB6276,0,0,0,0.0127707,0,0,0,0,1.902e-4,0,0,0,0,0,0,0,0,0,0.0037996999999999996,0,0,0,0
f__Ruminococcaceae_SGB15265_group,0,0,0,0.0030579,0.006522099999999999,0,0.002092,0.0072567000000000005,0,0.013481700000000001,0.013869800000000002,0.0025193,0,0.0021004,0,0,0,0,0,0,0,0.0073329,8.829999999999999e-5
c__Clostridia_SGB4121,3.6260000000000003e-4,6.316e-4,3.4320000000000005e-4,0,5.652e-4,0,2.847e-4,2.101e-4,3.104e-4,3.662e-4,0,3.001e-4,7.055e-4,1.6140000000000002e-4,4.2e-4,8.970000000000001e-5,3.325e-4,2.81e-4,4.7030000000000005e-4,0.0024767,0.00013220000000000001,5.03e-4,0
c__Clostridia_SGB4367,0,0,0,0.020004400000000002,0,0,0,0.0040821,0,0,0,0.031446999999999996,0,0,0,0,0,0,0,0,0,0.0507014,9.2e-6
c__Clostridia_SGB14995,6.62e-5,0.0011504,1.0059999999999999e-4,4.49e-5,0.0010514,1.47e-5,4.96e-5,2.14e-5,0,1.2649999999999998e-4,5.2199999999999995e-5,3.1140000000000003e-4,0,2.747e-4,3.88e-5,5.1200000000000004e-5,0.0012634,1.057e-4,1.12e-4,3.84e-5,1.39e-4,9e-6,1.6209999999999998e-4
f__Christensenellaceae_SGB7265,0,0,0,0,0,6.21e-5,0,0,0,0,0,3.12e-5,0,0,0,0,0,0,0,0,0,1.1e-6,0
o__Clostridiales_SGB15150,0,0,0,1e-6,0,3.1769999999999997e-4,0,0,0,0,0,2.2e-6,0,1.2409999999999998e-4,0,0,0,0,0,0,0,0,0
o__Clostridiales_SGB15145,0,0,0,5.58e-5,0,8.48e-5,0,2.762e-4,6.151e-4,0,0.0013930000000000001,0,0,0,0,0,0,6.51e-5,6.276e-4,0,0,8.164e-4,2.192e-4
c__Clostridia_SGB14895,0,0,0,0,0,1.3e-4,1.15e-5,0,0,0,4.64e-5,0,0,8.269999999999999e-5,0,3.3e-6,0,1.39e-4,1.318e-4,0,3.107e-4,0,0
c__Clostridia_SGB14167,0,5.270000000000001e-5,0,0,0,0,0,0,0,0,0,0,0,0,0,0,0,0,0,5.15e-5,0,0,0
c__Clostridia_SGB14844,7.455000000000001e-4,0.0012393999999999999,4.745e-4,0.0026812999999999997,0,0,2.6020000000000004e-4,0,0,0,2.1569999999999998e-4,0.0046700000000000005,0,0,0,0,0,0,2.2179999999999997e-4,0,0,7.49e-4,0
c__Clostridia_SGB15350,0,0.001313,0.0015617,2.947e-4,0,2.859e-4,5.974999999999999e-4,0,0.0011812,0,0,0,0,0.001265,0,4.7010000000000004e-4,5.097999999999999e-4,0,5.561e-4,5.9e-6,0,0.0010582,7.252000000000001e-4
c__Clostridia_SGB14951,0,0,0,0,0,0.0010743999999999999,1.1480000000000001e-4,0,3.43e-5,0,0,0,0,0,0,0,0,0,0,0,0,0,0
c__Clostridia_SGB66170,0,0,0,4.87e-4,0,0,1.62e-5,0,0,1.048e-4,1.998e-4,0,0,0,0,0,0,0,1.2e-6,0,0,0,0
o__Clostridiales_SGB5090_group,0.0034676,0,0.0079667,0.0012928999999999998,0,0.0021390000000000003,0.0066451,0.005512700000000001,0.0056833,0,0.0032879000000000003,0,0,0.0051859,0.0091964,0.0046784999999999995,0,0.0031598999999999998,0,2.04e-5,0,0.0040435,0.004897599999999999
c__Clostridia_SGB15402,0,0,0,8.54e-4,0,4.2869999999999996e-4,3.96e-5,4.5e-6,0,3.5119999999999997e-4,2.2710000000000002e-4,0,0,0,0,0,0,0,3.29e-5,0,0,0,0
p__Firmicutes_SGB4063,0,0,0,8.68e-5,0,1.4330000000000001e-4,9.51e-5,7.6e-6,0,0,0,0,0,0,0,0,0,0,0,0,0,0,0
c__Clostridia_SGB71281,0,7.725e-4,0,0,0,0,0,0,0,0,1.6100000000000002e-5,8.400000000000001e-6,0,0,0,0,0,0,0,0,0,0,0
f__Eggerthellaceae_SGB14341,0,0,0,0,0,5.2e-5,0,0.0039096999999999995,0,0,1.62e-5,0,0,0,6.237e-4,0,9.79e-4,0.004813899999999999,0,0,0,0,0
p__Firmicutes_SGB49188,0,0,0,4.13e-5,0,8.04e-5,1.5329999999999999e-4,7.55e-5,0,1.28e-4,5.68e-5,0,0,0,0,0,0,0,1.2869999999999998e-4,0,0,0,0
c__Clostridia_SGB14262,0,0,0,4.9500000000000004e-5,0,2.39e-5,0,0,0,0,3.0200000000000002e-5,0,0,0,0,0,0,0,0,0,0,0,0
c__Clostridia_SGB63326,0,0,0,0,0,4.7000000000000004e-5,0,0,0,0,1.6100000000000002e-5,6.94e-5,0,0,0,0,7.71e-5,0,0,8e-6,0,7.45e-5,0
o__Clostridiales_SGB29342,0,0,0,0,0,1.2080000000000001e-4,0,0,0,0.0017560999999999998,0,0,0,0,0,0,0,0,0,0,0,0,0
c__Lentisphaeria_SGB9205,0,0,0,0.0016167999999999998,0,1.4749999999999998e-4,0,0,0,0,3.101e-4,0,0,0,0,0,0,0,0,0,0,0,0
c__Lentisphaeria_SGB9203,0,0,0,4.188e-4,0,2.856e-4,0,0,0,0,1.281e-4,0,0,0,0,0,0,4.834e-4,2.0300000000000002e-5,0,0,0,0
f__Eggerthellaceae_SGB14322_group,0,0,0,3.6859999999999996e-4,0,9.555e-4,0,0,0.0010178,0,7.985000000000001e-4,0,0,0,0,0,0,0,0,0,0,0,0
c__Clostridia_SGB14027,8.319999999999999e-5,0.0054939,0,0.0012651000000000001,0,0,0,0,0,0,0,0,0,2.831e-4,0,2.158e-4,0,0,0.0012975999999999999,0,0,0.0011995,0
c__Clostridia_SGB59819,0,0,0,0,0,1.27e-5,0,3.6000000000000003e-6,0,0,0,0,0,0,0,0,0,0,0,0,0,0,0
c__Clostridia_SGB59576,0,0,0,0,5e-7,0,0,0,0,0,0,5.96e-5,0,0,0,0,0,0,0,0,0,6.86e-5,0
c__Clostridia_SGB63353,0,7.21e-5,0,0,0,3.04e-5,0,0,0,0,0,0,0,0,0,0,0,0,0,0,0,0,0
p__Firmicutes_SGB4993,0,0,8.885e-4,0.0021192,2.213e-4,0,4.7809999999999997e-4,0.0024002,0.0017499,0.0018609,4.317e-4,0,0,0,2.986e-4,0.009799200000000001,0,1.326e-4,0.0011277,5.197e-4,0,7.815e-4,0.0065503
f__Erysipelotrichaceae_SGB4036,0,0,0,0,0,8.8e-6,0,0,0,0,0,0,0,0,0,0,3.4e-5,0,5.7e-6,2.45e-5,0,0,0
c__Clostridia_SGB63327,0,4.03e-5,0,2.229e-4,0,1.197e-4,9.889999999999999e-5,0,0,6.24e-5,1.2800000000000001e-5,1.831e-4,0,0,1.27e-5,0,2.4599999999999998e-5,2.31e-5,7.09e-5,8.489999999999999e-5,2.385e-4,8.73e-5,0
c__Clostridia_SGB63325,0,1.66e-5,0,0,3.8e-6,3.7e-6,7.4e-6,0,0,0,1.6000000000000001e-6,6.9e-6,0,0,6.6e-6,0,0,4.2000000000000004e-6,0,0,1.31e-5,0,1.1e-6
c__Coriobacteriia_SGB14770,0,0,0,0,0,4.61e-5,0,0,0,0,0,0,0,0,0,1.59e-5,0,9.010000000000001e-5,0,0,0,0,0
c__Clostridia_SGB14138,0,0,0,0,0,2.2000000000000003e-5,0,6.502e-4,0,0,2.8700000000000003e-5,0,0,0,0,0,0,0,0,0,0,0,0
c__Clostridia_SGB58519,0,0,0,7e-7,0,1.8000000000000001e-6,2.9e-6,0,0,0,0,0,0,0,0,0,0,4.4e-6,0,0,0,0,0
c__Clostridia_SGB14870,0,0,0,8.3e-6,0,0,0,0,0,0,0,3.3559999999999997e-4,0,0,0,0,0,0,0,0,0,0,1.1e-6
c__Clostridia_SGB63369,0,0,0,0,0,7.6e-5,0,0,0,0,0,4.9e-5,0,0,0,0,0,1.73e-5,2.2499999999999998e-5,0,0,0,0
c__Clostridia_SGB14180,0,0,0,5.270000000000001e-5,0,2.389e-4,9.99e-5,0,0,0,0,0,0,0,0,0,0,0,0,0,0,0,0
o__Clostridiales_SGB3926_group,0,0,0,0.0031363999999999997,0,0.004937,0,0,8.753e-4,0,0,0,0,0,0,0,0,0,0,0,0,0,0
k__Bacteria_SGB8601,0,0,0,0,0,9.329999999999999e-5,0,0,0,0,1.821e-4,0,0,0,0,0,0,0,0,0,0,0,3.048e-4
k__Bacteria_SGB19850_group,0,7.9e-6,0,0,7.4e-6,0,0,1.56e-5,0,0,1.5e-5,1.4599999999999999e-5,2.3e-6,2.97e-5,0,0,0,0,0,0,0,1.1999999999999999e-5,1.56e-5
